REGION_CLASS	REGION_MEMBER	USED_MEMBER	USED_CLASS	SOURCE_TYPE
org.springframework.oxm.jaxb.ClassPathJaxb2TypeScanner	JAXB2_TYPE_FILTERS	class	jakarta.xml.bind.annotation.XmlRootElement	SOURCE
org.springframework.oxm.jaxb.ClassPathJaxb2TypeScanner	JAXB2_TYPE_FILTERS	class	jakarta.xml.bind.annotation.XmlType	SOURCE
org.springframework.oxm.jaxb.ClassPathJaxb2TypeScanner	JAXB2_TYPE_FILTERS	class	jakarta.xml.bind.annotation.XmlSeeAlso	SOURCE
org.springframework.oxm.jaxb.ClassPathJaxb2TypeScanner	JAXB2_TYPE_FILTERS	class	jakarta.xml.bind.annotation.XmlEnum	SOURCE
org.springframework.oxm.jaxb.ClassPathJaxb2TypeScanner	JAXB2_TYPE_FILTERS	class	jakarta.xml.bind.annotation.XmlRegistry	SOURCE
org.springframework.oxm.jaxb.ClassPathJaxb2TypeScanner	ClassPathJaxb2TypeScanner(java.lang.ClassLoader,java.lang.String[])	resourcePatternResolver	org.springframework.oxm.jaxb.ClassPathJaxb2TypeScanner	SOURCE
org.springframework.oxm.jaxb.ClassPathJaxb2TypeScanner	ClassPathJaxb2TypeScanner(java.lang.ClassLoader,java.lang.String[])	this	org.springframework.oxm.jaxb.ClassPathJaxb2TypeScanner	SOURCE
org.springframework.oxm.jaxb.ClassPathJaxb2TypeScanner	ClassPathJaxb2TypeScanner(java.lang.ClassLoader,java.lang.String[])	packagesToScan	org.springframework.oxm.jaxb.ClassPathJaxb2TypeScanner	SOURCE
org.springframework.oxm.jaxb.ClassPathJaxb2TypeScanner	ClassPathJaxb2TypeScanner(java.lang.ClassLoader,java.lang.String[])	this	org.springframework.oxm.jaxb.ClassPathJaxb2TypeScanner	SOURCE
org.springframework.oxm.jaxb.ClassPathJaxb2TypeScanner	scanPackages()	packagesToScan	org.springframework.oxm.jaxb.ClassPathJaxb2TypeScanner	SOURCE
org.springframework.oxm.jaxb.ClassPathJaxb2TypeScanner	scanPackages()	this	org.springframework.oxm.jaxb.ClassPathJaxb2TypeScanner	SOURCE
org.springframework.oxm.jaxb.ClassPathJaxb2TypeScanner	scanPackages()	CLASSPATH_ALL_URL_PREFIX	org.springframework.core.io.support.ResourcePatternResolver	SOURCE
org.springframework.oxm.jaxb.ClassPathJaxb2TypeScanner	scanPackages()	RESOURCE_PATTERN	org.springframework.oxm.jaxb.ClassPathJaxb2TypeScanner	SOURCE
org.springframework.oxm.jaxb.ClassPathJaxb2TypeScanner	scanPackages()	resourcePatternResolver	org.springframework.oxm.jaxb.ClassPathJaxb2TypeScanner	SOURCE
org.springframework.oxm.jaxb.ClassPathJaxb2TypeScanner	scanPackages()	this	org.springframework.oxm.jaxb.ClassPathJaxb2TypeScanner	SOURCE
org.springframework.oxm.jaxb.ClassPathJaxb2TypeScanner	scanPackages()	resourcePatternResolver	org.springframework.oxm.jaxb.ClassPathJaxb2TypeScanner	SOURCE
org.springframework.oxm.jaxb.ClassPathJaxb2TypeScanner	scanPackages()	this	org.springframework.oxm.jaxb.ClassPathJaxb2TypeScanner	SOURCE
org.springframework.oxm.jaxb.ClassPathJaxb2TypeScanner	scanPackages()	resourcePatternResolver	org.springframework.oxm.jaxb.ClassPathJaxb2TypeScanner	SOURCE
org.springframework.oxm.jaxb.ClassPathJaxb2TypeScanner	scanPackages()	this	org.springframework.oxm.jaxb.ClassPathJaxb2TypeScanner	SOURCE
org.springframework.oxm.jaxb.ClassPathJaxb2TypeScanner	isJaxb2Class(org.springframework.core.type.classreading.MetadataReader,org.springframework.core.type.classreading.MetadataReaderFactory)	JAXB2_TYPE_FILTERS	org.springframework.oxm.jaxb.ClassPathJaxb2TypeScanner	SOURCE
org.springframework.oxm.jaxb.Jaxb2Marshaller	schemaLanguage	W3C_XML_SCHEMA_NS_URI	javax.xml.XMLConstants	SOURCE
org.springframework.oxm.jaxb.Jaxb2Marshaller	schemaLanguage	W3C_XML_SCHEMA_NS_URI	javax.xml.XMLConstants	SOURCE
org.springframework.oxm.jaxb.Jaxb2Marshaller	setContextPaths(java.lang.String[])	contextPath	org.springframework.oxm.jaxb.Jaxb2Marshaller	SOURCE
org.springframework.oxm.jaxb.Jaxb2Marshaller	setContextPaths(java.lang.String[])	this	org.springframework.oxm.jaxb.Jaxb2Marshaller	SOURCE
org.springframework.oxm.jaxb.Jaxb2Marshaller	setContextPath(java.lang.String)	contextPath	org.springframework.oxm.jaxb.Jaxb2Marshaller	SOURCE
org.springframework.oxm.jaxb.Jaxb2Marshaller	setContextPath(java.lang.String)	this	org.springframework.oxm.jaxb.Jaxb2Marshaller	SOURCE
org.springframework.oxm.jaxb.Jaxb2Marshaller	getContextPath()	contextPath	org.springframework.oxm.jaxb.Jaxb2Marshaller	SOURCE
org.springframework.oxm.jaxb.Jaxb2Marshaller	getContextPath()	this	org.springframework.oxm.jaxb.Jaxb2Marshaller	SOURCE
org.springframework.oxm.jaxb.Jaxb2Marshaller	setClassesToBeBound(java.lang.Class[])	classesToBeBound	org.springframework.oxm.jaxb.Jaxb2Marshaller	SOURCE
org.springframework.oxm.jaxb.Jaxb2Marshaller	setClassesToBeBound(java.lang.Class[])	this	org.springframework.oxm.jaxb.Jaxb2Marshaller	SOURCE
org.springframework.oxm.jaxb.Jaxb2Marshaller	getClassesToBeBound()	classesToBeBound	org.springframework.oxm.jaxb.Jaxb2Marshaller	SOURCE
org.springframework.oxm.jaxb.Jaxb2Marshaller	getClassesToBeBound()	this	org.springframework.oxm.jaxb.Jaxb2Marshaller	SOURCE
org.springframework.oxm.jaxb.Jaxb2Marshaller	setPackagesToScan(java.lang.String[])	packagesToScan	org.springframework.oxm.jaxb.Jaxb2Marshaller	SOURCE
org.springframework.oxm.jaxb.Jaxb2Marshaller	setPackagesToScan(java.lang.String[])	this	org.springframework.oxm.jaxb.Jaxb2Marshaller	SOURCE
org.springframework.oxm.jaxb.Jaxb2Marshaller	getPackagesToScan()	packagesToScan	org.springframework.oxm.jaxb.Jaxb2Marshaller	SOURCE
org.springframework.oxm.jaxb.Jaxb2Marshaller	getPackagesToScan()	this	org.springframework.oxm.jaxb.Jaxb2Marshaller	SOURCE
org.springframework.oxm.jaxb.Jaxb2Marshaller	setJaxbContextProperties(java.util.Map)	jaxbContextProperties	org.springframework.oxm.jaxb.Jaxb2Marshaller	SOURCE
org.springframework.oxm.jaxb.Jaxb2Marshaller	setJaxbContextProperties(java.util.Map)	this	org.springframework.oxm.jaxb.Jaxb2Marshaller	SOURCE
org.springframework.oxm.jaxb.Jaxb2Marshaller	setMarshallerProperties(java.util.Map)	marshallerProperties	org.springframework.oxm.jaxb.Jaxb2Marshaller	SOURCE
org.springframework.oxm.jaxb.Jaxb2Marshaller	setMarshallerProperties(java.util.Map)	this	org.springframework.oxm.jaxb.Jaxb2Marshaller	SOURCE
org.springframework.oxm.jaxb.Jaxb2Marshaller	setUnmarshallerProperties(java.util.Map)	unmarshallerProperties	org.springframework.oxm.jaxb.Jaxb2Marshaller	SOURCE
org.springframework.oxm.jaxb.Jaxb2Marshaller	setUnmarshallerProperties(java.util.Map)	this	org.springframework.oxm.jaxb.Jaxb2Marshaller	SOURCE
org.springframework.oxm.jaxb.Jaxb2Marshaller	setMarshallerListener(jakarta.xml.bind.Marshaller.Listener)	marshallerListener	org.springframework.oxm.jaxb.Jaxb2Marshaller	SOURCE
org.springframework.oxm.jaxb.Jaxb2Marshaller	setMarshallerListener(jakarta.xml.bind.Marshaller.Listener)	this	org.springframework.oxm.jaxb.Jaxb2Marshaller	SOURCE
org.springframework.oxm.jaxb.Jaxb2Marshaller	setUnmarshallerListener(jakarta.xml.bind.Unmarshaller.Listener)	unmarshallerListener	org.springframework.oxm.jaxb.Jaxb2Marshaller	SOURCE
org.springframework.oxm.jaxb.Jaxb2Marshaller	setUnmarshallerListener(jakarta.xml.bind.Unmarshaller.Listener)	this	org.springframework.oxm.jaxb.Jaxb2Marshaller	SOURCE
org.springframework.oxm.jaxb.Jaxb2Marshaller	setValidationEventHandler(jakarta.xml.bind.ValidationEventHandler)	validationEventHandler	org.springframework.oxm.jaxb.Jaxb2Marshaller	SOURCE
org.springframework.oxm.jaxb.Jaxb2Marshaller	setValidationEventHandler(jakarta.xml.bind.ValidationEventHandler)	this	org.springframework.oxm.jaxb.Jaxb2Marshaller	SOURCE
org.springframework.oxm.jaxb.Jaxb2Marshaller	setAdapters(jakarta.xml.bind.annotation.adapters.XmlAdapter[])	adapters	org.springframework.oxm.jaxb.Jaxb2Marshaller	SOURCE
org.springframework.oxm.jaxb.Jaxb2Marshaller	setAdapters(jakarta.xml.bind.annotation.adapters.XmlAdapter[])	this	org.springframework.oxm.jaxb.Jaxb2Marshaller	SOURCE
org.springframework.oxm.jaxb.Jaxb2Marshaller	setSchema(org.springframework.core.io.Resource)	schemaResources	org.springframework.oxm.jaxb.Jaxb2Marshaller	SOURCE
org.springframework.oxm.jaxb.Jaxb2Marshaller	setSchema(org.springframework.core.io.Resource)	this	org.springframework.oxm.jaxb.Jaxb2Marshaller	SOURCE
org.springframework.oxm.jaxb.Jaxb2Marshaller	setSchemas(org.springframework.core.io.Resource[])	schemaResources	org.springframework.oxm.jaxb.Jaxb2Marshaller	SOURCE
org.springframework.oxm.jaxb.Jaxb2Marshaller	setSchemas(org.springframework.core.io.Resource[])	this	org.springframework.oxm.jaxb.Jaxb2Marshaller	SOURCE
org.springframework.oxm.jaxb.Jaxb2Marshaller	setSchemaLanguage(java.lang.String)	schemaLanguage	org.springframework.oxm.jaxb.Jaxb2Marshaller	SOURCE
org.springframework.oxm.jaxb.Jaxb2Marshaller	setSchemaLanguage(java.lang.String)	this	org.springframework.oxm.jaxb.Jaxb2Marshaller	SOURCE
org.springframework.oxm.jaxb.Jaxb2Marshaller	setSchemaResourceResolver(org.w3c.dom.ls.LSResourceResolver)	schemaResourceResolver	org.springframework.oxm.jaxb.Jaxb2Marshaller	SOURCE
org.springframework.oxm.jaxb.Jaxb2Marshaller	setSchemaResourceResolver(org.w3c.dom.ls.LSResourceResolver)	this	org.springframework.oxm.jaxb.Jaxb2Marshaller	SOURCE
org.springframework.oxm.jaxb.Jaxb2Marshaller	setLazyInit(boolean)	lazyInit	org.springframework.oxm.jaxb.Jaxb2Marshaller	SOURCE
org.springframework.oxm.jaxb.Jaxb2Marshaller	setLazyInit(boolean)	this	org.springframework.oxm.jaxb.Jaxb2Marshaller	SOURCE
org.springframework.oxm.jaxb.Jaxb2Marshaller	setMtomEnabled(boolean)	mtomEnabled	org.springframework.oxm.jaxb.Jaxb2Marshaller	SOURCE
org.springframework.oxm.jaxb.Jaxb2Marshaller	setMtomEnabled(boolean)	this	org.springframework.oxm.jaxb.Jaxb2Marshaller	SOURCE
org.springframework.oxm.jaxb.Jaxb2Marshaller	setSupportJaxbElementClass(boolean)	supportJaxbElementClass	org.springframework.oxm.jaxb.Jaxb2Marshaller	SOURCE
org.springframework.oxm.jaxb.Jaxb2Marshaller	setSupportJaxbElementClass(boolean)	this	org.springframework.oxm.jaxb.Jaxb2Marshaller	SOURCE
org.springframework.oxm.jaxb.Jaxb2Marshaller	setCheckForXmlRootElement(boolean)	checkForXmlRootElement	org.springframework.oxm.jaxb.Jaxb2Marshaller	SOURCE
org.springframework.oxm.jaxb.Jaxb2Marshaller	setCheckForXmlRootElement(boolean)	this	org.springframework.oxm.jaxb.Jaxb2Marshaller	SOURCE
org.springframework.oxm.jaxb.Jaxb2Marshaller	setMappedClass(java.lang.Class)	mappedClass	org.springframework.oxm.jaxb.Jaxb2Marshaller	SOURCE
org.springframework.oxm.jaxb.Jaxb2Marshaller	setMappedClass(java.lang.Class)	this	org.springframework.oxm.jaxb.Jaxb2Marshaller	SOURCE
org.springframework.oxm.jaxb.Jaxb2Marshaller	setSupportDtd(boolean)	supportDtd	org.springframework.oxm.jaxb.Jaxb2Marshaller	SOURCE
org.springframework.oxm.jaxb.Jaxb2Marshaller	setSupportDtd(boolean)	this	org.springframework.oxm.jaxb.Jaxb2Marshaller	SOURCE
org.springframework.oxm.jaxb.Jaxb2Marshaller	isSupportDtd()	supportDtd	org.springframework.oxm.jaxb.Jaxb2Marshaller	SOURCE
org.springframework.oxm.jaxb.Jaxb2Marshaller	isSupportDtd()	this	org.springframework.oxm.jaxb.Jaxb2Marshaller	SOURCE
org.springframework.oxm.jaxb.Jaxb2Marshaller	setProcessExternalEntities(boolean)	processExternalEntities	org.springframework.oxm.jaxb.Jaxb2Marshaller	SOURCE
org.springframework.oxm.jaxb.Jaxb2Marshaller	setProcessExternalEntities(boolean)	this	org.springframework.oxm.jaxb.Jaxb2Marshaller	SOURCE
org.springframework.oxm.jaxb.Jaxb2Marshaller	setProcessExternalEntities(boolean)	supportDtd	org.springframework.oxm.jaxb.Jaxb2Marshaller	SOURCE
org.springframework.oxm.jaxb.Jaxb2Marshaller	setProcessExternalEntities(boolean)	this	org.springframework.oxm.jaxb.Jaxb2Marshaller	SOURCE
org.springframework.oxm.jaxb.Jaxb2Marshaller	isProcessExternalEntities()	processExternalEntities	org.springframework.oxm.jaxb.Jaxb2Marshaller	SOURCE
org.springframework.oxm.jaxb.Jaxb2Marshaller	isProcessExternalEntities()	this	org.springframework.oxm.jaxb.Jaxb2Marshaller	SOURCE
org.springframework.oxm.jaxb.Jaxb2Marshaller	setBeanClassLoader(java.lang.ClassLoader)	beanClassLoader	org.springframework.oxm.jaxb.Jaxb2Marshaller	SOURCE
org.springframework.oxm.jaxb.Jaxb2Marshaller	setBeanClassLoader(java.lang.ClassLoader)	this	org.springframework.oxm.jaxb.Jaxb2Marshaller	SOURCE
org.springframework.oxm.jaxb.Jaxb2Marshaller	afterPropertiesSet()	contextPath	org.springframework.oxm.jaxb.Jaxb2Marshaller	SOURCE
org.springframework.oxm.jaxb.Jaxb2Marshaller	afterPropertiesSet()	this	org.springframework.oxm.jaxb.Jaxb2Marshaller	SOURCE
org.springframework.oxm.jaxb.Jaxb2Marshaller	afterPropertiesSet()	classesToBeBound	org.springframework.oxm.jaxb.Jaxb2Marshaller	SOURCE
org.springframework.oxm.jaxb.Jaxb2Marshaller	afterPropertiesSet()	this	org.springframework.oxm.jaxb.Jaxb2Marshaller	SOURCE
org.springframework.oxm.jaxb.Jaxb2Marshaller	afterPropertiesSet()	packagesToScan	org.springframework.oxm.jaxb.Jaxb2Marshaller	SOURCE
org.springframework.oxm.jaxb.Jaxb2Marshaller	afterPropertiesSet()	this	org.springframework.oxm.jaxb.Jaxb2Marshaller	SOURCE
org.springframework.oxm.jaxb.Jaxb2Marshaller	afterPropertiesSet()	lazyInit	org.springframework.oxm.jaxb.Jaxb2Marshaller	SOURCE
org.springframework.oxm.jaxb.Jaxb2Marshaller	afterPropertiesSet()	this	org.springframework.oxm.jaxb.Jaxb2Marshaller	SOURCE
org.springframework.oxm.jaxb.Jaxb2Marshaller	afterPropertiesSet()	schemaResources	org.springframework.oxm.jaxb.Jaxb2Marshaller	SOURCE
org.springframework.oxm.jaxb.Jaxb2Marshaller	afterPropertiesSet()	this	org.springframework.oxm.jaxb.Jaxb2Marshaller	SOURCE
org.springframework.oxm.jaxb.Jaxb2Marshaller	afterPropertiesSet()	schema	org.springframework.oxm.jaxb.Jaxb2Marshaller	SOURCE
org.springframework.oxm.jaxb.Jaxb2Marshaller	afterPropertiesSet()	this	org.springframework.oxm.jaxb.Jaxb2Marshaller	SOURCE
org.springframework.oxm.jaxb.Jaxb2Marshaller	afterPropertiesSet()	schemaResources	org.springframework.oxm.jaxb.Jaxb2Marshaller	SOURCE
org.springframework.oxm.jaxb.Jaxb2Marshaller	afterPropertiesSet()	this	org.springframework.oxm.jaxb.Jaxb2Marshaller	SOURCE
org.springframework.oxm.jaxb.Jaxb2Marshaller	afterPropertiesSet()	schemaLanguage	org.springframework.oxm.jaxb.Jaxb2Marshaller	SOURCE
org.springframework.oxm.jaxb.Jaxb2Marshaller	afterPropertiesSet()	this	org.springframework.oxm.jaxb.Jaxb2Marshaller	SOURCE
org.springframework.oxm.jaxb.Jaxb2Marshaller	getJaxbContext()	jaxbContext	org.springframework.oxm.jaxb.Jaxb2Marshaller	SOURCE
org.springframework.oxm.jaxb.Jaxb2Marshaller	getJaxbContext()	jaxbContext	org.springframework.oxm.jaxb.Jaxb2Marshaller	SOURCE
org.springframework.oxm.jaxb.Jaxb2Marshaller	getJaxbContext()	this	org.springframework.oxm.jaxb.Jaxb2Marshaller	SOURCE
org.springframework.oxm.jaxb.Jaxb2Marshaller	getJaxbContext()	jaxbContextMonitor	org.springframework.oxm.jaxb.Jaxb2Marshaller	SOURCE
org.springframework.oxm.jaxb.Jaxb2Marshaller	getJaxbContext()	this	org.springframework.oxm.jaxb.Jaxb2Marshaller	SOURCE
org.springframework.oxm.jaxb.Jaxb2Marshaller	getJaxbContext()	jaxbContext	org.springframework.oxm.jaxb.Jaxb2Marshaller	SOURCE
org.springframework.oxm.jaxb.Jaxb2Marshaller	getJaxbContext()	this	org.springframework.oxm.jaxb.Jaxb2Marshaller	SOURCE
org.springframework.oxm.jaxb.Jaxb2Marshaller	getJaxbContext()	contextPath	org.springframework.oxm.jaxb.Jaxb2Marshaller	SOURCE
org.springframework.oxm.jaxb.Jaxb2Marshaller	getJaxbContext()	this	org.springframework.oxm.jaxb.Jaxb2Marshaller	SOURCE
org.springframework.oxm.jaxb.Jaxb2Marshaller	getJaxbContext()	contextPath	org.springframework.oxm.jaxb.Jaxb2Marshaller	SOURCE
org.springframework.oxm.jaxb.Jaxb2Marshaller	getJaxbContext()	this	org.springframework.oxm.jaxb.Jaxb2Marshaller	SOURCE
org.springframework.oxm.jaxb.Jaxb2Marshaller	getJaxbContext()	classesToBeBound	org.springframework.oxm.jaxb.Jaxb2Marshaller	SOURCE
org.springframework.oxm.jaxb.Jaxb2Marshaller	getJaxbContext()	this	org.springframework.oxm.jaxb.Jaxb2Marshaller	SOURCE
org.springframework.oxm.jaxb.Jaxb2Marshaller	getJaxbContext()	classesToBeBound	org.springframework.oxm.jaxb.Jaxb2Marshaller	SOURCE
org.springframework.oxm.jaxb.Jaxb2Marshaller	getJaxbContext()	this	org.springframework.oxm.jaxb.Jaxb2Marshaller	SOURCE
org.springframework.oxm.jaxb.Jaxb2Marshaller	getJaxbContext()	packagesToScan	org.springframework.oxm.jaxb.Jaxb2Marshaller	SOURCE
org.springframework.oxm.jaxb.Jaxb2Marshaller	getJaxbContext()	this	org.springframework.oxm.jaxb.Jaxb2Marshaller	SOURCE
org.springframework.oxm.jaxb.Jaxb2Marshaller	getJaxbContext()	packagesToScan	org.springframework.oxm.jaxb.Jaxb2Marshaller	SOURCE
org.springframework.oxm.jaxb.Jaxb2Marshaller	getJaxbContext()	this	org.springframework.oxm.jaxb.Jaxb2Marshaller	SOURCE
org.springframework.oxm.jaxb.Jaxb2Marshaller	getJaxbContext()	jaxbContext	org.springframework.oxm.jaxb.Jaxb2Marshaller	SOURCE
org.springframework.oxm.jaxb.Jaxb2Marshaller	getJaxbContext()	this	org.springframework.oxm.jaxb.Jaxb2Marshaller	SOURCE
org.springframework.oxm.jaxb.Jaxb2Marshaller	createJaxbContextFromContextPath(java.lang.String)	logger	org.springframework.oxm.jaxb.Jaxb2Marshaller	SOURCE
org.springframework.oxm.jaxb.Jaxb2Marshaller	createJaxbContextFromContextPath(java.lang.String)	logger	org.springframework.oxm.jaxb.Jaxb2Marshaller	SOURCE
org.springframework.oxm.jaxb.Jaxb2Marshaller	createJaxbContextFromContextPath(java.lang.String)	contextPath	org.springframework.oxm.jaxb.Jaxb2Marshaller	SOURCE
org.springframework.oxm.jaxb.Jaxb2Marshaller	createJaxbContextFromContextPath(java.lang.String)	this	org.springframework.oxm.jaxb.Jaxb2Marshaller	SOURCE
org.springframework.oxm.jaxb.Jaxb2Marshaller	createJaxbContextFromContextPath(java.lang.String)	jaxbContextProperties	org.springframework.oxm.jaxb.Jaxb2Marshaller	SOURCE
org.springframework.oxm.jaxb.Jaxb2Marshaller	createJaxbContextFromContextPath(java.lang.String)	this	org.springframework.oxm.jaxb.Jaxb2Marshaller	SOURCE
org.springframework.oxm.jaxb.Jaxb2Marshaller	createJaxbContextFromContextPath(java.lang.String)	beanClassLoader	org.springframework.oxm.jaxb.Jaxb2Marshaller	SOURCE
org.springframework.oxm.jaxb.Jaxb2Marshaller	createJaxbContextFromContextPath(java.lang.String)	this	org.springframework.oxm.jaxb.Jaxb2Marshaller	SOURCE
org.springframework.oxm.jaxb.Jaxb2Marshaller	createJaxbContextFromContextPath(java.lang.String)	beanClassLoader	org.springframework.oxm.jaxb.Jaxb2Marshaller	SOURCE
org.springframework.oxm.jaxb.Jaxb2Marshaller	createJaxbContextFromContextPath(java.lang.String)	this	org.springframework.oxm.jaxb.Jaxb2Marshaller	SOURCE
org.springframework.oxm.jaxb.Jaxb2Marshaller	createJaxbContextFromContextPath(java.lang.String)	jaxbContextProperties	org.springframework.oxm.jaxb.Jaxb2Marshaller	SOURCE
org.springframework.oxm.jaxb.Jaxb2Marshaller	createJaxbContextFromContextPath(java.lang.String)	this	org.springframework.oxm.jaxb.Jaxb2Marshaller	SOURCE
org.springframework.oxm.jaxb.Jaxb2Marshaller	createJaxbContextFromContextPath(java.lang.String)	jaxbContextProperties	org.springframework.oxm.jaxb.Jaxb2Marshaller	SOURCE
org.springframework.oxm.jaxb.Jaxb2Marshaller	createJaxbContextFromContextPath(java.lang.String)	this	org.springframework.oxm.jaxb.Jaxb2Marshaller	SOURCE
org.springframework.oxm.jaxb.Jaxb2Marshaller	createJaxbContextFromContextPath(java.lang.String)	beanClassLoader	org.springframework.oxm.jaxb.Jaxb2Marshaller	SOURCE
org.springframework.oxm.jaxb.Jaxb2Marshaller	createJaxbContextFromContextPath(java.lang.String)	this	org.springframework.oxm.jaxb.Jaxb2Marshaller	SOURCE
org.springframework.oxm.jaxb.Jaxb2Marshaller	createJaxbContextFromContextPath(java.lang.String)	beanClassLoader	org.springframework.oxm.jaxb.Jaxb2Marshaller	SOURCE
org.springframework.oxm.jaxb.Jaxb2Marshaller	createJaxbContextFromContextPath(java.lang.String)	this	org.springframework.oxm.jaxb.Jaxb2Marshaller	SOURCE
org.springframework.oxm.jaxb.Jaxb2Marshaller	createJaxbContextFromClasses(java.lang.Class[])	logger	org.springframework.oxm.jaxb.Jaxb2Marshaller	SOURCE
org.springframework.oxm.jaxb.Jaxb2Marshaller	createJaxbContextFromClasses(java.lang.Class[])	logger	org.springframework.oxm.jaxb.Jaxb2Marshaller	SOURCE
org.springframework.oxm.jaxb.Jaxb2Marshaller	createJaxbContextFromClasses(java.lang.Class[])	jaxbContextProperties	org.springframework.oxm.jaxb.Jaxb2Marshaller	SOURCE
org.springframework.oxm.jaxb.Jaxb2Marshaller	createJaxbContextFromClasses(java.lang.Class[])	this	org.springframework.oxm.jaxb.Jaxb2Marshaller	SOURCE
org.springframework.oxm.jaxb.Jaxb2Marshaller	createJaxbContextFromClasses(java.lang.Class[])	jaxbContextProperties	org.springframework.oxm.jaxb.Jaxb2Marshaller	SOURCE
org.springframework.oxm.jaxb.Jaxb2Marshaller	createJaxbContextFromClasses(java.lang.Class[])	this	org.springframework.oxm.jaxb.Jaxb2Marshaller	SOURCE
org.springframework.oxm.jaxb.Jaxb2Marshaller	createJaxbContextFromPackages(java.lang.String[])	logger	org.springframework.oxm.jaxb.Jaxb2Marshaller	SOURCE
org.springframework.oxm.jaxb.Jaxb2Marshaller	createJaxbContextFromPackages(java.lang.String[])	logger	org.springframework.oxm.jaxb.Jaxb2Marshaller	SOURCE
org.springframework.oxm.jaxb.Jaxb2Marshaller	createJaxbContextFromPackages(java.lang.String[])	beanClassLoader	org.springframework.oxm.jaxb.Jaxb2Marshaller	SOURCE
org.springframework.oxm.jaxb.Jaxb2Marshaller	createJaxbContextFromPackages(java.lang.String[])	this	org.springframework.oxm.jaxb.Jaxb2Marshaller	SOURCE
org.springframework.oxm.jaxb.Jaxb2Marshaller	createJaxbContextFromPackages(java.lang.String[])	logger	org.springframework.oxm.jaxb.Jaxb2Marshaller	SOURCE
org.springframework.oxm.jaxb.Jaxb2Marshaller	createJaxbContextFromPackages(java.lang.String[])	logger	org.springframework.oxm.jaxb.Jaxb2Marshaller	SOURCE
org.springframework.oxm.jaxb.Jaxb2Marshaller	createJaxbContextFromPackages(java.lang.String[])	classesToBeBound	org.springframework.oxm.jaxb.Jaxb2Marshaller	SOURCE
org.springframework.oxm.jaxb.Jaxb2Marshaller	createJaxbContextFromPackages(java.lang.String[])	this	org.springframework.oxm.jaxb.Jaxb2Marshaller	SOURCE
org.springframework.oxm.jaxb.Jaxb2Marshaller	createJaxbContextFromPackages(java.lang.String[])	jaxbContextProperties	org.springframework.oxm.jaxb.Jaxb2Marshaller	SOURCE
org.springframework.oxm.jaxb.Jaxb2Marshaller	createJaxbContextFromPackages(java.lang.String[])	this	org.springframework.oxm.jaxb.Jaxb2Marshaller	SOURCE
org.springframework.oxm.jaxb.Jaxb2Marshaller	createJaxbContextFromPackages(java.lang.String[])	jaxbContextProperties	org.springframework.oxm.jaxb.Jaxb2Marshaller	SOURCE
org.springframework.oxm.jaxb.Jaxb2Marshaller	createJaxbContextFromPackages(java.lang.String[])	this	org.springframework.oxm.jaxb.Jaxb2Marshaller	SOURCE
org.springframework.oxm.jaxb.Jaxb2Marshaller	loadSchema(org.springframework.core.io.Resource[],java.lang.String)	logger	org.springframework.oxm.jaxb.Jaxb2Marshaller	SOURCE
org.springframework.oxm.jaxb.Jaxb2Marshaller	loadSchema(org.springframework.core.io.Resource[],java.lang.String)	logger	org.springframework.oxm.jaxb.Jaxb2Marshaller	SOURCE
org.springframework.oxm.jaxb.Jaxb2Marshaller	loadSchema(org.springframework.core.io.Resource[],java.lang.String)	schemaResources	org.springframework.oxm.jaxb.Jaxb2Marshaller	SOURCE
org.springframework.oxm.jaxb.Jaxb2Marshaller	loadSchema(org.springframework.core.io.Resource[],java.lang.String)	this	org.springframework.oxm.jaxb.Jaxb2Marshaller	SOURCE
org.springframework.oxm.jaxb.Jaxb2Marshaller	loadSchema(org.springframework.core.io.Resource[],java.lang.String)	length	Array	SOURCE
org.springframework.oxm.jaxb.Jaxb2Marshaller	loadSchema(org.springframework.core.io.Resource[],java.lang.String)	length	Array	SOURCE
org.springframework.oxm.jaxb.Jaxb2Marshaller	loadSchema(org.springframework.core.io.Resource[],java.lang.String)	schemaResourceResolver	org.springframework.oxm.jaxb.Jaxb2Marshaller	SOURCE
org.springframework.oxm.jaxb.Jaxb2Marshaller	loadSchema(org.springframework.core.io.Resource[],java.lang.String)	this	org.springframework.oxm.jaxb.Jaxb2Marshaller	SOURCE
org.springframework.oxm.jaxb.Jaxb2Marshaller	loadSchema(org.springframework.core.io.Resource[],java.lang.String)	schemaResourceResolver	org.springframework.oxm.jaxb.Jaxb2Marshaller	SOURCE
org.springframework.oxm.jaxb.Jaxb2Marshaller	loadSchema(org.springframework.core.io.Resource[],java.lang.String)	this	org.springframework.oxm.jaxb.Jaxb2Marshaller	SOURCE
org.springframework.oxm.jaxb.Jaxb2Marshaller	supports(java.lang.Class)	supportJaxbElementClass	org.springframework.oxm.jaxb.Jaxb2Marshaller	SOURCE
org.springframework.oxm.jaxb.Jaxb2Marshaller	supports(java.lang.Class)	this	org.springframework.oxm.jaxb.Jaxb2Marshaller	SOURCE
org.springframework.oxm.jaxb.Jaxb2Marshaller	supports(java.lang.Class)	class	jakarta.xml.bind.JAXBElement	SOURCE
org.springframework.oxm.jaxb.Jaxb2Marshaller	supports(java.lang.Class)	checkForXmlRootElement	org.springframework.oxm.jaxb.Jaxb2Marshaller	SOURCE
org.springframework.oxm.jaxb.Jaxb2Marshaller	supports(java.lang.Class)	this	org.springframework.oxm.jaxb.Jaxb2Marshaller	SOURCE
org.springframework.oxm.jaxb.Jaxb2Marshaller	supports(java.lang.reflect.Type)	class	jakarta.xml.bind.JAXBElement	SOURCE
org.springframework.oxm.jaxb.Jaxb2Marshaller	supports(java.lang.reflect.Type)	length	Array	SOURCE
org.springframework.oxm.jaxb.Jaxb2Marshaller	supports(java.lang.reflect.Type)	class	null	SOURCE
org.springframework.oxm.jaxb.Jaxb2Marshaller	supports(java.lang.reflect.Type)	class	null	SOURCE
org.springframework.oxm.jaxb.Jaxb2Marshaller	supports(java.lang.reflect.Type)	checkForXmlRootElement	org.springframework.oxm.jaxb.Jaxb2Marshaller	SOURCE
org.springframework.oxm.jaxb.Jaxb2Marshaller	supports(java.lang.reflect.Type)	this	org.springframework.oxm.jaxb.Jaxb2Marshaller	SOURCE
org.springframework.oxm.jaxb.Jaxb2Marshaller	supportsInternal(java.lang.Class,boolean)	class	jakarta.xml.bind.annotation.XmlRootElement	SOURCE
org.springframework.oxm.jaxb.Jaxb2Marshaller	supportsInternal(java.lang.Class,boolean)	contextPath	org.springframework.oxm.jaxb.Jaxb2Marshaller	SOURCE
org.springframework.oxm.jaxb.Jaxb2Marshaller	supportsInternal(java.lang.Class,boolean)	this	org.springframework.oxm.jaxb.Jaxb2Marshaller	SOURCE
org.springframework.oxm.jaxb.Jaxb2Marshaller	supportsInternal(java.lang.Class,boolean)	contextPath	org.springframework.oxm.jaxb.Jaxb2Marshaller	SOURCE
org.springframework.oxm.jaxb.Jaxb2Marshaller	supportsInternal(java.lang.Class,boolean)	this	org.springframework.oxm.jaxb.Jaxb2Marshaller	SOURCE
org.springframework.oxm.jaxb.Jaxb2Marshaller	supportsInternal(java.lang.Class,boolean)	classesToBeBound	org.springframework.oxm.jaxb.Jaxb2Marshaller	SOURCE
org.springframework.oxm.jaxb.Jaxb2Marshaller	supportsInternal(java.lang.Class,boolean)	this	org.springframework.oxm.jaxb.Jaxb2Marshaller	SOURCE
org.springframework.oxm.jaxb.Jaxb2Marshaller	supportsInternal(java.lang.Class,boolean)	classesToBeBound	org.springframework.oxm.jaxb.Jaxb2Marshaller	SOURCE
org.springframework.oxm.jaxb.Jaxb2Marshaller	supportsInternal(java.lang.Class,boolean)	this	org.springframework.oxm.jaxb.Jaxb2Marshaller	SOURCE
org.springframework.oxm.jaxb.Jaxb2Marshaller	isPrimitiveWrapper(java.lang.Class)	class	java.lang.Boolean	SOURCE
org.springframework.oxm.jaxb.Jaxb2Marshaller	isPrimitiveWrapper(java.lang.Class)	class	java.lang.Byte	SOURCE
org.springframework.oxm.jaxb.Jaxb2Marshaller	isPrimitiveWrapper(java.lang.Class)	class	java.lang.Short	SOURCE
org.springframework.oxm.jaxb.Jaxb2Marshaller	isPrimitiveWrapper(java.lang.Class)	class	java.lang.Integer	SOURCE
org.springframework.oxm.jaxb.Jaxb2Marshaller	isPrimitiveWrapper(java.lang.Class)	class	java.lang.Long	SOURCE
org.springframework.oxm.jaxb.Jaxb2Marshaller	isPrimitiveWrapper(java.lang.Class)	class	java.lang.Float	SOURCE
org.springframework.oxm.jaxb.Jaxb2Marshaller	isPrimitiveWrapper(java.lang.Class)	class	java.lang.Double	SOURCE
org.springframework.oxm.jaxb.Jaxb2Marshaller	isStandardClass(java.lang.Class)	class	java.lang.String	SOURCE
org.springframework.oxm.jaxb.Jaxb2Marshaller	isStandardClass(java.lang.Class)	class	java.math.BigInteger	SOURCE
org.springframework.oxm.jaxb.Jaxb2Marshaller	isStandardClass(java.lang.Class)	class	java.math.BigDecimal	SOURCE
org.springframework.oxm.jaxb.Jaxb2Marshaller	isStandardClass(java.lang.Class)	class	java.util.Calendar	SOURCE
org.springframework.oxm.jaxb.Jaxb2Marshaller	isStandardClass(java.lang.Class)	class	java.util.Date	SOURCE
org.springframework.oxm.jaxb.Jaxb2Marshaller	isStandardClass(java.lang.Class)	class	javax.xml.namespace.QName	SOURCE
org.springframework.oxm.jaxb.Jaxb2Marshaller	isStandardClass(java.lang.Class)	class	java.net.URI	SOURCE
org.springframework.oxm.jaxb.Jaxb2Marshaller	isStandardClass(java.lang.Class)	class	javax.xml.datatype.XMLGregorianCalendar	SOURCE
org.springframework.oxm.jaxb.Jaxb2Marshaller	isStandardClass(java.lang.Class)	class	javax.xml.datatype.Duration	SOURCE
org.springframework.oxm.jaxb.Jaxb2Marshaller	isStandardClass(java.lang.Class)	class	java.awt.Image	SOURCE
org.springframework.oxm.jaxb.Jaxb2Marshaller	isStandardClass(java.lang.Class)	class	jakarta.activation.DataHandler	SOURCE
org.springframework.oxm.jaxb.Jaxb2Marshaller	isStandardClass(java.lang.Class)	class	java.util.UUID	SOURCE
org.springframework.oxm.jaxb.Jaxb2Marshaller	marshal(java.lang.Object,javax.xml.transform.Result,org.springframework.oxm.mime.MimeContainer)	mtomEnabled	org.springframework.oxm.jaxb.Jaxb2Marshaller	SOURCE
org.springframework.oxm.jaxb.Jaxb2Marshaller	marshal(java.lang.Object,javax.xml.transform.Result,org.springframework.oxm.mime.MimeContainer)	this	org.springframework.oxm.jaxb.Jaxb2Marshaller	SOURCE
org.springframework.oxm.jaxb.Jaxb2Marshaller	initJaxbMarshaller(jakarta.xml.bind.Marshaller)	marshallerProperties	org.springframework.oxm.jaxb.Jaxb2Marshaller	SOURCE
org.springframework.oxm.jaxb.Jaxb2Marshaller	initJaxbMarshaller(jakarta.xml.bind.Marshaller)	this	org.springframework.oxm.jaxb.Jaxb2Marshaller	SOURCE
org.springframework.oxm.jaxb.Jaxb2Marshaller	initJaxbMarshaller(jakarta.xml.bind.Marshaller)	marshallerProperties	org.springframework.oxm.jaxb.Jaxb2Marshaller	SOURCE
org.springframework.oxm.jaxb.Jaxb2Marshaller	initJaxbMarshaller(jakarta.xml.bind.Marshaller)	this	org.springframework.oxm.jaxb.Jaxb2Marshaller	SOURCE
org.springframework.oxm.jaxb.Jaxb2Marshaller	initJaxbMarshaller(jakarta.xml.bind.Marshaller)	marshallerListener	org.springframework.oxm.jaxb.Jaxb2Marshaller	SOURCE
org.springframework.oxm.jaxb.Jaxb2Marshaller	initJaxbMarshaller(jakarta.xml.bind.Marshaller)	this	org.springframework.oxm.jaxb.Jaxb2Marshaller	SOURCE
org.springframework.oxm.jaxb.Jaxb2Marshaller	initJaxbMarshaller(jakarta.xml.bind.Marshaller)	marshallerListener	org.springframework.oxm.jaxb.Jaxb2Marshaller	SOURCE
org.springframework.oxm.jaxb.Jaxb2Marshaller	initJaxbMarshaller(jakarta.xml.bind.Marshaller)	this	org.springframework.oxm.jaxb.Jaxb2Marshaller	SOURCE
org.springframework.oxm.jaxb.Jaxb2Marshaller	initJaxbMarshaller(jakarta.xml.bind.Marshaller)	validationEventHandler	org.springframework.oxm.jaxb.Jaxb2Marshaller	SOURCE
org.springframework.oxm.jaxb.Jaxb2Marshaller	initJaxbMarshaller(jakarta.xml.bind.Marshaller)	this	org.springframework.oxm.jaxb.Jaxb2Marshaller	SOURCE
org.springframework.oxm.jaxb.Jaxb2Marshaller	initJaxbMarshaller(jakarta.xml.bind.Marshaller)	validationEventHandler	org.springframework.oxm.jaxb.Jaxb2Marshaller	SOURCE
org.springframework.oxm.jaxb.Jaxb2Marshaller	initJaxbMarshaller(jakarta.xml.bind.Marshaller)	this	org.springframework.oxm.jaxb.Jaxb2Marshaller	SOURCE
org.springframework.oxm.jaxb.Jaxb2Marshaller	initJaxbMarshaller(jakarta.xml.bind.Marshaller)	adapters	org.springframework.oxm.jaxb.Jaxb2Marshaller	SOURCE
org.springframework.oxm.jaxb.Jaxb2Marshaller	initJaxbMarshaller(jakarta.xml.bind.Marshaller)	this	org.springframework.oxm.jaxb.Jaxb2Marshaller	SOURCE
org.springframework.oxm.jaxb.Jaxb2Marshaller	initJaxbMarshaller(jakarta.xml.bind.Marshaller)	adapters	org.springframework.oxm.jaxb.Jaxb2Marshaller	SOURCE
org.springframework.oxm.jaxb.Jaxb2Marshaller	initJaxbMarshaller(jakarta.xml.bind.Marshaller)	this	org.springframework.oxm.jaxb.Jaxb2Marshaller	SOURCE
org.springframework.oxm.jaxb.Jaxb2Marshaller	initJaxbMarshaller(jakarta.xml.bind.Marshaller)	schema	org.springframework.oxm.jaxb.Jaxb2Marshaller	SOURCE
org.springframework.oxm.jaxb.Jaxb2Marshaller	initJaxbMarshaller(jakarta.xml.bind.Marshaller)	this	org.springframework.oxm.jaxb.Jaxb2Marshaller	SOURCE
org.springframework.oxm.jaxb.Jaxb2Marshaller	initJaxbMarshaller(jakarta.xml.bind.Marshaller)	schema	org.springframework.oxm.jaxb.Jaxb2Marshaller	SOURCE
org.springframework.oxm.jaxb.Jaxb2Marshaller	initJaxbMarshaller(jakarta.xml.bind.Marshaller)	this	org.springframework.oxm.jaxb.Jaxb2Marshaller	SOURCE
org.springframework.oxm.jaxb.Jaxb2Marshaller	unmarshal(javax.xml.transform.Source,org.springframework.oxm.mime.MimeContainer)	mtomEnabled	org.springframework.oxm.jaxb.Jaxb2Marshaller	SOURCE
org.springframework.oxm.jaxb.Jaxb2Marshaller	unmarshal(javax.xml.transform.Source,org.springframework.oxm.mime.MimeContainer)	this	org.springframework.oxm.jaxb.Jaxb2Marshaller	SOURCE
org.springframework.oxm.jaxb.Jaxb2Marshaller	unmarshal(javax.xml.transform.Source,org.springframework.oxm.mime.MimeContainer)	mappedClass	org.springframework.oxm.jaxb.Jaxb2Marshaller	SOURCE
org.springframework.oxm.jaxb.Jaxb2Marshaller	unmarshal(javax.xml.transform.Source,org.springframework.oxm.mime.MimeContainer)	this	org.springframework.oxm.jaxb.Jaxb2Marshaller	SOURCE
org.springframework.oxm.jaxb.Jaxb2Marshaller	unmarshal(javax.xml.transform.Source,org.springframework.oxm.mime.MimeContainer)	mappedClass	org.springframework.oxm.jaxb.Jaxb2Marshaller	SOURCE
org.springframework.oxm.jaxb.Jaxb2Marshaller	unmarshal(javax.xml.transform.Source,org.springframework.oxm.mime.MimeContainer)	this	org.springframework.oxm.jaxb.Jaxb2Marshaller	SOURCE
org.springframework.oxm.jaxb.Jaxb2Marshaller	unmarshalStaxSource(jakarta.xml.bind.Unmarshaller,javax.xml.transform.Source)	mappedClass	org.springframework.oxm.jaxb.Jaxb2Marshaller	SOURCE
org.springframework.oxm.jaxb.Jaxb2Marshaller	unmarshalStaxSource(jakarta.xml.bind.Unmarshaller,javax.xml.transform.Source)	this	org.springframework.oxm.jaxb.Jaxb2Marshaller	SOURCE
org.springframework.oxm.jaxb.Jaxb2Marshaller	unmarshalStaxSource(jakarta.xml.bind.Unmarshaller,javax.xml.transform.Source)	mappedClass	org.springframework.oxm.jaxb.Jaxb2Marshaller	SOURCE
org.springframework.oxm.jaxb.Jaxb2Marshaller	unmarshalStaxSource(jakarta.xml.bind.Unmarshaller,javax.xml.transform.Source)	this	org.springframework.oxm.jaxb.Jaxb2Marshaller	SOURCE
org.springframework.oxm.jaxb.Jaxb2Marshaller	unmarshalStaxSource(jakarta.xml.bind.Unmarshaller,javax.xml.transform.Source)	mappedClass	org.springframework.oxm.jaxb.Jaxb2Marshaller	SOURCE
org.springframework.oxm.jaxb.Jaxb2Marshaller	unmarshalStaxSource(jakarta.xml.bind.Unmarshaller,javax.xml.transform.Source)	this	org.springframework.oxm.jaxb.Jaxb2Marshaller	SOURCE
org.springframework.oxm.jaxb.Jaxb2Marshaller	unmarshalStaxSource(jakarta.xml.bind.Unmarshaller,javax.xml.transform.Source)	mappedClass	org.springframework.oxm.jaxb.Jaxb2Marshaller	SOURCE
org.springframework.oxm.jaxb.Jaxb2Marshaller	unmarshalStaxSource(jakarta.xml.bind.Unmarshaller,javax.xml.transform.Source)	this	org.springframework.oxm.jaxb.Jaxb2Marshaller	SOURCE
org.springframework.oxm.jaxb.Jaxb2Marshaller	processSource(javax.xml.transform.Source)	NO_OP_ENTITY_RESOLVER	org.springframework.oxm.jaxb.Jaxb2Marshaller	SOURCE
org.springframework.oxm.jaxb.Jaxb2Marshaller	processSource(javax.xml.transform.Source)	logger	org.springframework.oxm.jaxb.Jaxb2Marshaller	SOURCE
org.springframework.oxm.jaxb.Jaxb2Marshaller	initJaxbUnmarshaller(jakarta.xml.bind.Unmarshaller)	unmarshallerProperties	org.springframework.oxm.jaxb.Jaxb2Marshaller	SOURCE
org.springframework.oxm.jaxb.Jaxb2Marshaller	initJaxbUnmarshaller(jakarta.xml.bind.Unmarshaller)	this	org.springframework.oxm.jaxb.Jaxb2Marshaller	SOURCE
org.springframework.oxm.jaxb.Jaxb2Marshaller	initJaxbUnmarshaller(jakarta.xml.bind.Unmarshaller)	unmarshallerProperties	org.springframework.oxm.jaxb.Jaxb2Marshaller	SOURCE
org.springframework.oxm.jaxb.Jaxb2Marshaller	initJaxbUnmarshaller(jakarta.xml.bind.Unmarshaller)	this	org.springframework.oxm.jaxb.Jaxb2Marshaller	SOURCE
org.springframework.oxm.jaxb.Jaxb2Marshaller	initJaxbUnmarshaller(jakarta.xml.bind.Unmarshaller)	unmarshallerListener	org.springframework.oxm.jaxb.Jaxb2Marshaller	SOURCE
org.springframework.oxm.jaxb.Jaxb2Marshaller	initJaxbUnmarshaller(jakarta.xml.bind.Unmarshaller)	this	org.springframework.oxm.jaxb.Jaxb2Marshaller	SOURCE
org.springframework.oxm.jaxb.Jaxb2Marshaller	initJaxbUnmarshaller(jakarta.xml.bind.Unmarshaller)	unmarshallerListener	org.springframework.oxm.jaxb.Jaxb2Marshaller	SOURCE
org.springframework.oxm.jaxb.Jaxb2Marshaller	initJaxbUnmarshaller(jakarta.xml.bind.Unmarshaller)	this	org.springframework.oxm.jaxb.Jaxb2Marshaller	SOURCE
org.springframework.oxm.jaxb.Jaxb2Marshaller	initJaxbUnmarshaller(jakarta.xml.bind.Unmarshaller)	validationEventHandler	org.springframework.oxm.jaxb.Jaxb2Marshaller	SOURCE
org.springframework.oxm.jaxb.Jaxb2Marshaller	initJaxbUnmarshaller(jakarta.xml.bind.Unmarshaller)	this	org.springframework.oxm.jaxb.Jaxb2Marshaller	SOURCE
org.springframework.oxm.jaxb.Jaxb2Marshaller	initJaxbUnmarshaller(jakarta.xml.bind.Unmarshaller)	validationEventHandler	org.springframework.oxm.jaxb.Jaxb2Marshaller	SOURCE
org.springframework.oxm.jaxb.Jaxb2Marshaller	initJaxbUnmarshaller(jakarta.xml.bind.Unmarshaller)	this	org.springframework.oxm.jaxb.Jaxb2Marshaller	SOURCE
org.springframework.oxm.jaxb.Jaxb2Marshaller	initJaxbUnmarshaller(jakarta.xml.bind.Unmarshaller)	adapters	org.springframework.oxm.jaxb.Jaxb2Marshaller	SOURCE
org.springframework.oxm.jaxb.Jaxb2Marshaller	initJaxbUnmarshaller(jakarta.xml.bind.Unmarshaller)	this	org.springframework.oxm.jaxb.Jaxb2Marshaller	SOURCE
org.springframework.oxm.jaxb.Jaxb2Marshaller	initJaxbUnmarshaller(jakarta.xml.bind.Unmarshaller)	adapters	org.springframework.oxm.jaxb.Jaxb2Marshaller	SOURCE
org.springframework.oxm.jaxb.Jaxb2Marshaller	initJaxbUnmarshaller(jakarta.xml.bind.Unmarshaller)	this	org.springframework.oxm.jaxb.Jaxb2Marshaller	SOURCE
org.springframework.oxm.jaxb.Jaxb2Marshaller	initJaxbUnmarshaller(jakarta.xml.bind.Unmarshaller)	schema	org.springframework.oxm.jaxb.Jaxb2Marshaller	SOURCE
org.springframework.oxm.jaxb.Jaxb2Marshaller	initJaxbUnmarshaller(jakarta.xml.bind.Unmarshaller)	this	org.springframework.oxm.jaxb.Jaxb2Marshaller	SOURCE
org.springframework.oxm.jaxb.Jaxb2Marshaller	initJaxbUnmarshaller(jakarta.xml.bind.Unmarshaller)	schema	org.springframework.oxm.jaxb.Jaxb2Marshaller	SOURCE
org.springframework.oxm.jaxb.Jaxb2Marshaller	initJaxbUnmarshaller(jakarta.xml.bind.Unmarshaller)	this	org.springframework.oxm.jaxb.Jaxb2Marshaller	SOURCE
org.springframework.oxm.jaxb.Jaxb2Marshaller$Jaxb2AttachmentMarshaller	Jaxb2AttachmentMarshaller(org.springframework.oxm.mime.MimeContainer)	mimeContainer	org.springframework.oxm.jaxb.Jaxb2Marshaller$Jaxb2AttachmentMarshaller	SOURCE
org.springframework.oxm.jaxb.Jaxb2Marshaller$Jaxb2AttachmentMarshaller	Jaxb2AttachmentMarshaller(org.springframework.oxm.mime.MimeContainer)	this	org.springframework.oxm.jaxb.Jaxb2Marshaller$Jaxb2AttachmentMarshaller	SOURCE
org.springframework.oxm.jaxb.Jaxb2Marshaller$Jaxb2AttachmentMarshaller	addMtomAttachment(jakarta.activation.DataHandler,java.lang.String,java.lang.String)	mimeContainer	org.springframework.oxm.jaxb.Jaxb2Marshaller$Jaxb2AttachmentMarshaller	SOURCE
org.springframework.oxm.jaxb.Jaxb2Marshaller$Jaxb2AttachmentMarshaller	addMtomAttachment(jakarta.activation.DataHandler,java.lang.String,java.lang.String)	this	org.springframework.oxm.jaxb.Jaxb2Marshaller$Jaxb2AttachmentMarshaller	SOURCE
org.springframework.oxm.jaxb.Jaxb2Marshaller$Jaxb2AttachmentMarshaller	addMtomAttachment(jakarta.activation.DataHandler,java.lang.String,java.lang.String)	UTF_8	java.nio.charset.StandardCharsets	SOURCE
org.springframework.oxm.jaxb.Jaxb2Marshaller$Jaxb2AttachmentMarshaller	addMtomAttachment(jakarta.activation.DataHandler,java.lang.String,java.lang.String)	CID	org.springframework.oxm.jaxb.Jaxb2Marshaller	SOURCE
org.springframework.oxm.jaxb.Jaxb2Marshaller$Jaxb2AttachmentMarshaller	addSwaRefAttachment(jakarta.activation.DataHandler)	mimeContainer	org.springframework.oxm.jaxb.Jaxb2Marshaller$Jaxb2AttachmentMarshaller	SOURCE
org.springframework.oxm.jaxb.Jaxb2Marshaller$Jaxb2AttachmentMarshaller	addSwaRefAttachment(jakarta.activation.DataHandler)	this	org.springframework.oxm.jaxb.Jaxb2Marshaller$Jaxb2AttachmentMarshaller	SOURCE
org.springframework.oxm.jaxb.Jaxb2Marshaller$Jaxb2AttachmentMarshaller	isXOPPackage()	mimeContainer	org.springframework.oxm.jaxb.Jaxb2Marshaller$Jaxb2AttachmentMarshaller	SOURCE
org.springframework.oxm.jaxb.Jaxb2Marshaller$Jaxb2AttachmentMarshaller	isXOPPackage()	this	org.springframework.oxm.jaxb.Jaxb2Marshaller$Jaxb2AttachmentMarshaller	SOURCE
org.springframework.oxm.jaxb.Jaxb2Marshaller$Jaxb2AttachmentUnmarshaller	Jaxb2AttachmentUnmarshaller(org.springframework.oxm.mime.MimeContainer)	mimeContainer	org.springframework.oxm.jaxb.Jaxb2Marshaller$Jaxb2AttachmentUnmarshaller	SOURCE
org.springframework.oxm.jaxb.Jaxb2Marshaller$Jaxb2AttachmentUnmarshaller	Jaxb2AttachmentUnmarshaller(org.springframework.oxm.mime.MimeContainer)	this	org.springframework.oxm.jaxb.Jaxb2Marshaller$Jaxb2AttachmentUnmarshaller	SOURCE
org.springframework.oxm.jaxb.Jaxb2Marshaller$Jaxb2AttachmentUnmarshaller	getAttachmentAsDataHandler(java.lang.String)	CID	org.springframework.oxm.jaxb.Jaxb2Marshaller	SOURCE
org.springframework.oxm.jaxb.Jaxb2Marshaller$Jaxb2AttachmentUnmarshaller	getAttachmentAsDataHandler(java.lang.String)	CID	org.springframework.oxm.jaxb.Jaxb2Marshaller	SOURCE
org.springframework.oxm.jaxb.Jaxb2Marshaller$Jaxb2AttachmentUnmarshaller	getAttachmentAsDataHandler(java.lang.String)	UTF_8	java.nio.charset.StandardCharsets	SOURCE
org.springframework.oxm.jaxb.Jaxb2Marshaller$Jaxb2AttachmentUnmarshaller	getAttachmentAsDataHandler(java.lang.String)	mimeContainer	org.springframework.oxm.jaxb.Jaxb2Marshaller$Jaxb2AttachmentUnmarshaller	SOURCE
org.springframework.oxm.jaxb.Jaxb2Marshaller$Jaxb2AttachmentUnmarshaller	getAttachmentAsDataHandler(java.lang.String)	this	org.springframework.oxm.jaxb.Jaxb2Marshaller$Jaxb2AttachmentUnmarshaller	SOURCE
org.springframework.oxm.jaxb.Jaxb2Marshaller$Jaxb2AttachmentUnmarshaller	isXOPPackage()	mimeContainer	org.springframework.oxm.jaxb.Jaxb2Marshaller$Jaxb2AttachmentUnmarshaller	SOURCE
org.springframework.oxm.jaxb.Jaxb2Marshaller$Jaxb2AttachmentUnmarshaller	isXOPPackage()	this	org.springframework.oxm.jaxb.Jaxb2Marshaller$Jaxb2AttachmentUnmarshaller	SOURCE
org.springframework.oxm.jaxb.Jaxb2Marshaller$ByteArrayDataSource	ByteArrayDataSource(java.lang.String,byte[],int,int)	contentType	org.springframework.oxm.jaxb.Jaxb2Marshaller$ByteArrayDataSource	SOURCE
org.springframework.oxm.jaxb.Jaxb2Marshaller$ByteArrayDataSource	ByteArrayDataSource(java.lang.String,byte[],int,int)	this	org.springframework.oxm.jaxb.Jaxb2Marshaller$ByteArrayDataSource	SOURCE
org.springframework.oxm.jaxb.Jaxb2Marshaller$ByteArrayDataSource	ByteArrayDataSource(java.lang.String,byte[],int,int)	data	org.springframework.oxm.jaxb.Jaxb2Marshaller$ByteArrayDataSource	SOURCE
org.springframework.oxm.jaxb.Jaxb2Marshaller$ByteArrayDataSource	ByteArrayDataSource(java.lang.String,byte[],int,int)	this	org.springframework.oxm.jaxb.Jaxb2Marshaller$ByteArrayDataSource	SOURCE
org.springframework.oxm.jaxb.Jaxb2Marshaller$ByteArrayDataSource	ByteArrayDataSource(java.lang.String,byte[],int,int)	offset	org.springframework.oxm.jaxb.Jaxb2Marshaller$ByteArrayDataSource	SOURCE
org.springframework.oxm.jaxb.Jaxb2Marshaller$ByteArrayDataSource	ByteArrayDataSource(java.lang.String,byte[],int,int)	this	org.springframework.oxm.jaxb.Jaxb2Marshaller$ByteArrayDataSource	SOURCE
org.springframework.oxm.jaxb.Jaxb2Marshaller$ByteArrayDataSource	ByteArrayDataSource(java.lang.String,byte[],int,int)	length	org.springframework.oxm.jaxb.Jaxb2Marshaller$ByteArrayDataSource	SOURCE
org.springframework.oxm.jaxb.Jaxb2Marshaller$ByteArrayDataSource	ByteArrayDataSource(java.lang.String,byte[],int,int)	this	org.springframework.oxm.jaxb.Jaxb2Marshaller$ByteArrayDataSource	SOURCE
org.springframework.oxm.jaxb.Jaxb2Marshaller$ByteArrayDataSource	getInputStream()	data	org.springframework.oxm.jaxb.Jaxb2Marshaller$ByteArrayDataSource	SOURCE
org.springframework.oxm.jaxb.Jaxb2Marshaller$ByteArrayDataSource	getInputStream()	this	org.springframework.oxm.jaxb.Jaxb2Marshaller$ByteArrayDataSource	SOURCE
org.springframework.oxm.jaxb.Jaxb2Marshaller$ByteArrayDataSource	getInputStream()	offset	org.springframework.oxm.jaxb.Jaxb2Marshaller$ByteArrayDataSource	SOURCE
org.springframework.oxm.jaxb.Jaxb2Marshaller$ByteArrayDataSource	getInputStream()	this	org.springframework.oxm.jaxb.Jaxb2Marshaller$ByteArrayDataSource	SOURCE
org.springframework.oxm.jaxb.Jaxb2Marshaller$ByteArrayDataSource	getInputStream()	length	org.springframework.oxm.jaxb.Jaxb2Marshaller$ByteArrayDataSource	SOURCE
org.springframework.oxm.jaxb.Jaxb2Marshaller$ByteArrayDataSource	getInputStream()	this	org.springframework.oxm.jaxb.Jaxb2Marshaller$ByteArrayDataSource	SOURCE
org.springframework.oxm.jaxb.Jaxb2Marshaller$ByteArrayDataSource	getContentType()	contentType	org.springframework.oxm.jaxb.Jaxb2Marshaller$ByteArrayDataSource	SOURCE
org.springframework.oxm.jaxb.Jaxb2Marshaller$ByteArrayDataSource	getContentType()	this	org.springframework.oxm.jaxb.Jaxb2Marshaller$ByteArrayDataSource	SOURCE
org.springframework.oxm.support.AbstractMarshaller	setSupportDtd(boolean)	supportDtd	org.springframework.oxm.support.AbstractMarshaller	SOURCE
org.springframework.oxm.support.AbstractMarshaller	setSupportDtd(boolean)	this	org.springframework.oxm.support.AbstractMarshaller	SOURCE
org.springframework.oxm.support.AbstractMarshaller	isSupportDtd()	supportDtd	org.springframework.oxm.support.AbstractMarshaller	SOURCE
org.springframework.oxm.support.AbstractMarshaller	isSupportDtd()	this	org.springframework.oxm.support.AbstractMarshaller	SOURCE
org.springframework.oxm.support.AbstractMarshaller	setProcessExternalEntities(boolean)	processExternalEntities	org.springframework.oxm.support.AbstractMarshaller	SOURCE
org.springframework.oxm.support.AbstractMarshaller	setProcessExternalEntities(boolean)	this	org.springframework.oxm.support.AbstractMarshaller	SOURCE
org.springframework.oxm.support.AbstractMarshaller	setProcessExternalEntities(boolean)	supportDtd	org.springframework.oxm.support.AbstractMarshaller	SOURCE
org.springframework.oxm.support.AbstractMarshaller	setProcessExternalEntities(boolean)	this	org.springframework.oxm.support.AbstractMarshaller	SOURCE
org.springframework.oxm.support.AbstractMarshaller	isProcessExternalEntities()	processExternalEntities	org.springframework.oxm.support.AbstractMarshaller	SOURCE
org.springframework.oxm.support.AbstractMarshaller	isProcessExternalEntities()	this	org.springframework.oxm.support.AbstractMarshaller	SOURCE
org.springframework.oxm.support.AbstractMarshaller	buildDocument()	documentBuilderFactoryMonitor	org.springframework.oxm.support.AbstractMarshaller	SOURCE
org.springframework.oxm.support.AbstractMarshaller	buildDocument()	this	org.springframework.oxm.support.AbstractMarshaller	SOURCE
org.springframework.oxm.support.AbstractMarshaller	buildDocument()	documentBuilderFactory	org.springframework.oxm.support.AbstractMarshaller	SOURCE
org.springframework.oxm.support.AbstractMarshaller	buildDocument()	this	org.springframework.oxm.support.AbstractMarshaller	SOURCE
org.springframework.oxm.support.AbstractMarshaller	buildDocument()	documentBuilderFactory	org.springframework.oxm.support.AbstractMarshaller	SOURCE
org.springframework.oxm.support.AbstractMarshaller	buildDocument()	this	org.springframework.oxm.support.AbstractMarshaller	SOURCE
org.springframework.oxm.support.AbstractMarshaller	buildDocument()	documentBuilderFactory	org.springframework.oxm.support.AbstractMarshaller	SOURCE
org.springframework.oxm.support.AbstractMarshaller	buildDocument()	this	org.springframework.oxm.support.AbstractMarshaller	SOURCE
org.springframework.oxm.support.AbstractMarshaller	createDocumentBuilder(javax.xml.parsers.DocumentBuilderFactory)	NO_OP_ENTITY_RESOLVER	org.springframework.oxm.support.AbstractMarshaller	SOURCE
org.springframework.oxm.support.AbstractMarshaller	createXmlReader()	NO_OP_ENTITY_RESOLVER	org.springframework.oxm.support.AbstractMarshaller	SOURCE
org.springframework.oxm.support.MarshallingSource	MarshallingSource(org.springframework.oxm.Marshaller,java.lang.Object)	marshaller	org.springframework.oxm.support.MarshallingSource	SOURCE
org.springframework.oxm.support.MarshallingSource	MarshallingSource(org.springframework.oxm.Marshaller,java.lang.Object)	this	org.springframework.oxm.support.MarshallingSource	SOURCE
org.springframework.oxm.support.MarshallingSource	MarshallingSource(org.springframework.oxm.Marshaller,java.lang.Object)	content	org.springframework.oxm.support.MarshallingSource	SOURCE
org.springframework.oxm.support.MarshallingSource	MarshallingSource(org.springframework.oxm.Marshaller,java.lang.Object)	this	org.springframework.oxm.support.MarshallingSource	SOURCE
org.springframework.oxm.support.MarshallingSource	getMarshaller()	marshaller	org.springframework.oxm.support.MarshallingSource	SOURCE
org.springframework.oxm.support.MarshallingSource	getMarshaller()	this	org.springframework.oxm.support.MarshallingSource	SOURCE
org.springframework.oxm.support.MarshallingSource	getContent()	content	org.springframework.oxm.support.MarshallingSource	SOURCE
org.springframework.oxm.support.MarshallingSource	getContent()	this	org.springframework.oxm.support.MarshallingSource	SOURCE
org.springframework.oxm.support.MarshallingSource$MarshallingXMLReader	MarshallingXMLReader(org.springframework.oxm.Marshaller,java.lang.Object)	marshaller	org.springframework.oxm.support.MarshallingSource$MarshallingXMLReader	SOURCE
org.springframework.oxm.support.MarshallingSource$MarshallingXMLReader	MarshallingXMLReader(org.springframework.oxm.Marshaller,java.lang.Object)	this	org.springframework.oxm.support.MarshallingSource$MarshallingXMLReader	SOURCE
org.springframework.oxm.support.MarshallingSource$MarshallingXMLReader	MarshallingXMLReader(org.springframework.oxm.Marshaller,java.lang.Object)	content	org.springframework.oxm.support.MarshallingSource$MarshallingXMLReader	SOURCE
org.springframework.oxm.support.MarshallingSource$MarshallingXMLReader	MarshallingXMLReader(org.springframework.oxm.Marshaller,java.lang.Object)	this	org.springframework.oxm.support.MarshallingSource$MarshallingXMLReader	SOURCE
org.springframework.oxm.support.MarshallingSource$MarshallingXMLReader	setContentHandler(org.xml.sax.ContentHandler)	contentHandler	org.springframework.oxm.support.MarshallingSource$MarshallingXMLReader	SOURCE
org.springframework.oxm.support.MarshallingSource$MarshallingXMLReader	setContentHandler(org.xml.sax.ContentHandler)	this	org.springframework.oxm.support.MarshallingSource$MarshallingXMLReader	SOURCE
org.springframework.oxm.support.MarshallingSource$MarshallingXMLReader	getContentHandler()	contentHandler	org.springframework.oxm.support.MarshallingSource$MarshallingXMLReader	SOURCE
org.springframework.oxm.support.MarshallingSource$MarshallingXMLReader	getContentHandler()	this	org.springframework.oxm.support.MarshallingSource$MarshallingXMLReader	SOURCE
org.springframework.oxm.support.MarshallingSource$MarshallingXMLReader	setDTDHandler(org.xml.sax.DTDHandler)	dtdHandler	org.springframework.oxm.support.MarshallingSource$MarshallingXMLReader	SOURCE
org.springframework.oxm.support.MarshallingSource$MarshallingXMLReader	setDTDHandler(org.xml.sax.DTDHandler)	this	org.springframework.oxm.support.MarshallingSource$MarshallingXMLReader	SOURCE
org.springframework.oxm.support.MarshallingSource$MarshallingXMLReader	getDTDHandler()	dtdHandler	org.springframework.oxm.support.MarshallingSource$MarshallingXMLReader	SOURCE
org.springframework.oxm.support.MarshallingSource$MarshallingXMLReader	getDTDHandler()	this	org.springframework.oxm.support.MarshallingSource$MarshallingXMLReader	SOURCE
org.springframework.oxm.support.MarshallingSource$MarshallingXMLReader	setEntityResolver(org.xml.sax.EntityResolver)	entityResolver	org.springframework.oxm.support.MarshallingSource$MarshallingXMLReader	SOURCE
org.springframework.oxm.support.MarshallingSource$MarshallingXMLReader	setEntityResolver(org.xml.sax.EntityResolver)	this	org.springframework.oxm.support.MarshallingSource$MarshallingXMLReader	SOURCE
org.springframework.oxm.support.MarshallingSource$MarshallingXMLReader	getEntityResolver()	entityResolver	org.springframework.oxm.support.MarshallingSource$MarshallingXMLReader	SOURCE
org.springframework.oxm.support.MarshallingSource$MarshallingXMLReader	getEntityResolver()	this	org.springframework.oxm.support.MarshallingSource$MarshallingXMLReader	SOURCE
org.springframework.oxm.support.MarshallingSource$MarshallingXMLReader	setErrorHandler(org.xml.sax.ErrorHandler)	errorHandler	org.springframework.oxm.support.MarshallingSource$MarshallingXMLReader	SOURCE
org.springframework.oxm.support.MarshallingSource$MarshallingXMLReader	setErrorHandler(org.xml.sax.ErrorHandler)	this	org.springframework.oxm.support.MarshallingSource$MarshallingXMLReader	SOURCE
org.springframework.oxm.support.MarshallingSource$MarshallingXMLReader	getErrorHandler()	errorHandler	org.springframework.oxm.support.MarshallingSource$MarshallingXMLReader	SOURCE
org.springframework.oxm.support.MarshallingSource$MarshallingXMLReader	getErrorHandler()	this	org.springframework.oxm.support.MarshallingSource$MarshallingXMLReader	SOURCE
org.springframework.oxm.support.MarshallingSource$MarshallingXMLReader	getLexicalHandler()	lexicalHandler	org.springframework.oxm.support.MarshallingSource$MarshallingXMLReader	SOURCE
org.springframework.oxm.support.MarshallingSource$MarshallingXMLReader	getLexicalHandler()	this	org.springframework.oxm.support.MarshallingSource$MarshallingXMLReader	SOURCE
org.springframework.oxm.support.MarshallingSource$MarshallingXMLReader	getProperty(java.lang.String)	lexicalHandler	org.springframework.oxm.support.MarshallingSource$MarshallingXMLReader	SOURCE
org.springframework.oxm.support.MarshallingSource$MarshallingXMLReader	getProperty(java.lang.String)	this	org.springframework.oxm.support.MarshallingSource$MarshallingXMLReader	SOURCE
org.springframework.oxm.support.MarshallingSource$MarshallingXMLReader	setProperty(java.lang.String,java.lang.Object)	lexicalHandler	org.springframework.oxm.support.MarshallingSource$MarshallingXMLReader	SOURCE
org.springframework.oxm.support.MarshallingSource$MarshallingXMLReader	setProperty(java.lang.String,java.lang.Object)	this	org.springframework.oxm.support.MarshallingSource$MarshallingXMLReader	SOURCE
org.springframework.oxm.support.MarshallingSource$MarshallingXMLReader	parse()	marshaller	org.springframework.oxm.support.MarshallingSource$MarshallingXMLReader	SOURCE
org.springframework.oxm.support.MarshallingSource$MarshallingXMLReader	parse()	this	org.springframework.oxm.support.MarshallingSource$MarshallingXMLReader	SOURCE
org.springframework.oxm.support.MarshallingSource$MarshallingXMLReader	parse()	content	org.springframework.oxm.support.MarshallingSource$MarshallingXMLReader	SOURCE
org.springframework.oxm.support.MarshallingSource$MarshallingXMLReader	parse()	this	org.springframework.oxm.support.MarshallingSource$MarshallingXMLReader	SOURCE
org.springframework.oxm.xstream.XStreamMarshaller	converterLookup	converterLookup	org.springframework.oxm.xstream.XStreamMarshaller	SOURCE
org.springframework.oxm.xstream.XStreamMarshaller	this	this	org.springframework.oxm.xstream.XStreamMarshaller	SOURCE
org.springframework.oxm.xstream.XStreamMarshaller	encoding	DEFAULT_ENCODING	org.springframework.oxm.xstream.XStreamMarshaller	SOURCE
org.springframework.oxm.xstream.XStreamMarshaller	DEFAULT_ENCODING	DEFAULT_ENCODING	org.springframework.oxm.xstream.XStreamMarshaller	SOURCE
org.springframework.oxm.xstream.XStreamMarshaller	this	this	org.springframework.oxm.xstream.XStreamMarshaller	SOURCE
org.springframework.oxm.xstream.XStreamMarshaller	setReflectionProvider(com.thoughtworks.xstream.converters.reflection.ReflectionProvider)	reflectionProvider	org.springframework.oxm.xstream.XStreamMarshaller	SOURCE
org.springframework.oxm.xstream.XStreamMarshaller	setReflectionProvider(com.thoughtworks.xstream.converters.reflection.ReflectionProvider)	this	org.springframework.oxm.xstream.XStreamMarshaller	SOURCE
org.springframework.oxm.xstream.XStreamMarshaller	setStreamDriver(com.thoughtworks.xstream.io.HierarchicalStreamDriver)	streamDriver	org.springframework.oxm.xstream.XStreamMarshaller	SOURCE
org.springframework.oxm.xstream.XStreamMarshaller	setStreamDriver(com.thoughtworks.xstream.io.HierarchicalStreamDriver)	this	org.springframework.oxm.xstream.XStreamMarshaller	SOURCE
org.springframework.oxm.xstream.XStreamMarshaller	setStreamDriver(com.thoughtworks.xstream.io.HierarchicalStreamDriver)	defaultDriver	org.springframework.oxm.xstream.XStreamMarshaller	SOURCE
org.springframework.oxm.xstream.XStreamMarshaller	setStreamDriver(com.thoughtworks.xstream.io.HierarchicalStreamDriver)	this	org.springframework.oxm.xstream.XStreamMarshaller	SOURCE
org.springframework.oxm.xstream.XStreamMarshaller	getDefaultDriver()	defaultDriver	org.springframework.oxm.xstream.XStreamMarshaller	SOURCE
org.springframework.oxm.xstream.XStreamMarshaller	getDefaultDriver()	this	org.springframework.oxm.xstream.XStreamMarshaller	SOURCE
org.springframework.oxm.xstream.XStreamMarshaller	getDefaultDriver()	defaultDriver	org.springframework.oxm.xstream.XStreamMarshaller	SOURCE
org.springframework.oxm.xstream.XStreamMarshaller	getDefaultDriver()	this	org.springframework.oxm.xstream.XStreamMarshaller	SOURCE
org.springframework.oxm.xstream.XStreamMarshaller	getDefaultDriver()	encoding	org.springframework.oxm.xstream.XStreamMarshaller	SOURCE
org.springframework.oxm.xstream.XStreamMarshaller	getDefaultDriver()	this	org.springframework.oxm.xstream.XStreamMarshaller	SOURCE
org.springframework.oxm.xstream.XStreamMarshaller	getDefaultDriver()	nameCoder	org.springframework.oxm.xstream.XStreamMarshaller	SOURCE
org.springframework.oxm.xstream.XStreamMarshaller	getDefaultDriver()	this	org.springframework.oxm.xstream.XStreamMarshaller	SOURCE
org.springframework.oxm.xstream.XStreamMarshaller	getDefaultDriver()	defaultDriver	org.springframework.oxm.xstream.XStreamMarshaller	SOURCE
org.springframework.oxm.xstream.XStreamMarshaller	getDefaultDriver()	this	org.springframework.oxm.xstream.XStreamMarshaller	SOURCE
org.springframework.oxm.xstream.XStreamMarshaller	setMapper(com.thoughtworks.xstream.mapper.Mapper)	mapper	org.springframework.oxm.xstream.XStreamMarshaller	SOURCE
org.springframework.oxm.xstream.XStreamMarshaller	setMapper(com.thoughtworks.xstream.mapper.Mapper)	this	org.springframework.oxm.xstream.XStreamMarshaller	SOURCE
org.springframework.oxm.xstream.XStreamMarshaller	setMapperWrappers(java.lang.Class[])	mapperWrappers	org.springframework.oxm.xstream.XStreamMarshaller	SOURCE
org.springframework.oxm.xstream.XStreamMarshaller	setMapperWrappers(java.lang.Class[])	this	org.springframework.oxm.xstream.XStreamMarshaller	SOURCE
org.springframework.oxm.xstream.XStreamMarshaller	setConverterLookup(com.thoughtworks.xstream.converters.ConverterLookup)	converterLookup	org.springframework.oxm.xstream.XStreamMarshaller	SOURCE
org.springframework.oxm.xstream.XStreamMarshaller	setConverterLookup(com.thoughtworks.xstream.converters.ConverterLookup)	this	org.springframework.oxm.xstream.XStreamMarshaller	SOURCE
org.springframework.oxm.xstream.XStreamMarshaller	setConverterLookup(com.thoughtworks.xstream.converters.ConverterLookup)	converterRegistry	org.springframework.oxm.xstream.XStreamMarshaller	SOURCE
org.springframework.oxm.xstream.XStreamMarshaller	setConverterLookup(com.thoughtworks.xstream.converters.ConverterLookup)	this	org.springframework.oxm.xstream.XStreamMarshaller	SOURCE
org.springframework.oxm.xstream.XStreamMarshaller	setConverterRegistry(com.thoughtworks.xstream.converters.ConverterRegistry)	converterRegistry	org.springframework.oxm.xstream.XStreamMarshaller	SOURCE
org.springframework.oxm.xstream.XStreamMarshaller	setConverterRegistry(com.thoughtworks.xstream.converters.ConverterRegistry)	this	org.springframework.oxm.xstream.XStreamMarshaller	SOURCE
org.springframework.oxm.xstream.XStreamMarshaller	setConverters(com.thoughtworks.xstream.converters.ConverterMatcher[])	converters	org.springframework.oxm.xstream.XStreamMarshaller	SOURCE
org.springframework.oxm.xstream.XStreamMarshaller	setConverters(com.thoughtworks.xstream.converters.ConverterMatcher[])	this	org.springframework.oxm.xstream.XStreamMarshaller	SOURCE
org.springframework.oxm.xstream.XStreamMarshaller	setTypePermissions(com.thoughtworks.xstream.security.TypePermission[])	typePermissions	org.springframework.oxm.xstream.XStreamMarshaller	SOURCE
org.springframework.oxm.xstream.XStreamMarshaller	setTypePermissions(com.thoughtworks.xstream.security.TypePermission[])	this	org.springframework.oxm.xstream.XStreamMarshaller	SOURCE
org.springframework.oxm.xstream.XStreamMarshaller	setMarshallingStrategy(com.thoughtworks.xstream.MarshallingStrategy)	marshallingStrategy	org.springframework.oxm.xstream.XStreamMarshaller	SOURCE
org.springframework.oxm.xstream.XStreamMarshaller	setMarshallingStrategy(com.thoughtworks.xstream.MarshallingStrategy)	this	org.springframework.oxm.xstream.XStreamMarshaller	SOURCE
org.springframework.oxm.xstream.XStreamMarshaller	setMode(int)	mode	org.springframework.oxm.xstream.XStreamMarshaller	SOURCE
org.springframework.oxm.xstream.XStreamMarshaller	setMode(int)	this	org.springframework.oxm.xstream.XStreamMarshaller	SOURCE
org.springframework.oxm.xstream.XStreamMarshaller	setAliases(java.util.Map)	aliases	org.springframework.oxm.xstream.XStreamMarshaller	SOURCE
org.springframework.oxm.xstream.XStreamMarshaller	setAliases(java.util.Map)	this	org.springframework.oxm.xstream.XStreamMarshaller	SOURCE
org.springframework.oxm.xstream.XStreamMarshaller	setAliasesByType(java.util.Map)	aliasesByType	org.springframework.oxm.xstream.XStreamMarshaller	SOURCE
org.springframework.oxm.xstream.XStreamMarshaller	setAliasesByType(java.util.Map)	this	org.springframework.oxm.xstream.XStreamMarshaller	SOURCE
org.springframework.oxm.xstream.XStreamMarshaller	setFieldAliases(java.util.Map)	fieldAliases	org.springframework.oxm.xstream.XStreamMarshaller	SOURCE
org.springframework.oxm.xstream.XStreamMarshaller	setFieldAliases(java.util.Map)	this	org.springframework.oxm.xstream.XStreamMarshaller	SOURCE
org.springframework.oxm.xstream.XStreamMarshaller	setUseAttributeForTypes(java.lang.Class[])	useAttributeForTypes	org.springframework.oxm.xstream.XStreamMarshaller	SOURCE
org.springframework.oxm.xstream.XStreamMarshaller	setUseAttributeForTypes(java.lang.Class[])	this	org.springframework.oxm.xstream.XStreamMarshaller	SOURCE
org.springframework.oxm.xstream.XStreamMarshaller	setUseAttributeFor(java.util.Map)	useAttributeFor	org.springframework.oxm.xstream.XStreamMarshaller	SOURCE
org.springframework.oxm.xstream.XStreamMarshaller	setUseAttributeFor(java.util.Map)	this	org.springframework.oxm.xstream.XStreamMarshaller	SOURCE
org.springframework.oxm.xstream.XStreamMarshaller	setImplicitCollections(java.util.Map)	implicitCollections	org.springframework.oxm.xstream.XStreamMarshaller	SOURCE
org.springframework.oxm.xstream.XStreamMarshaller	setImplicitCollections(java.util.Map)	this	org.springframework.oxm.xstream.XStreamMarshaller	SOURCE
org.springframework.oxm.xstream.XStreamMarshaller	setOmittedFields(java.util.Map)	omittedFields	org.springframework.oxm.xstream.XStreamMarshaller	SOURCE
org.springframework.oxm.xstream.XStreamMarshaller	setOmittedFields(java.util.Map)	this	org.springframework.oxm.xstream.XStreamMarshaller	SOURCE
org.springframework.oxm.xstream.XStreamMarshaller	setAnnotatedClasses(java.lang.Class[])	annotatedClasses	org.springframework.oxm.xstream.XStreamMarshaller	SOURCE
org.springframework.oxm.xstream.XStreamMarshaller	setAnnotatedClasses(java.lang.Class[])	this	org.springframework.oxm.xstream.XStreamMarshaller	SOURCE
org.springframework.oxm.xstream.XStreamMarshaller	setAutodetectAnnotations(boolean)	autodetectAnnotations	org.springframework.oxm.xstream.XStreamMarshaller	SOURCE
org.springframework.oxm.xstream.XStreamMarshaller	setAutodetectAnnotations(boolean)	this	org.springframework.oxm.xstream.XStreamMarshaller	SOURCE
org.springframework.oxm.xstream.XStreamMarshaller	setEncoding(java.lang.String)	encoding	org.springframework.oxm.xstream.XStreamMarshaller	SOURCE
org.springframework.oxm.xstream.XStreamMarshaller	setEncoding(java.lang.String)	this	org.springframework.oxm.xstream.XStreamMarshaller	SOURCE
org.springframework.oxm.xstream.XStreamMarshaller	getDefaultEncoding()	encoding	org.springframework.oxm.xstream.XStreamMarshaller	SOURCE
org.springframework.oxm.xstream.XStreamMarshaller	getDefaultEncoding()	this	org.springframework.oxm.xstream.XStreamMarshaller	SOURCE
org.springframework.oxm.xstream.XStreamMarshaller	setNameCoder(com.thoughtworks.xstream.io.naming.NameCoder)	nameCoder	org.springframework.oxm.xstream.XStreamMarshaller	SOURCE
org.springframework.oxm.xstream.XStreamMarshaller	setNameCoder(com.thoughtworks.xstream.io.naming.NameCoder)	this	org.springframework.oxm.xstream.XStreamMarshaller	SOURCE
org.springframework.oxm.xstream.XStreamMarshaller	setSupportedClasses(java.lang.Class[])	supportedClasses	org.springframework.oxm.xstream.XStreamMarshaller	SOURCE
org.springframework.oxm.xstream.XStreamMarshaller	setSupportedClasses(java.lang.Class[])	this	org.springframework.oxm.xstream.XStreamMarshaller	SOURCE
org.springframework.oxm.xstream.XStreamMarshaller	setBeanClassLoader(java.lang.ClassLoader)	beanClassLoader	org.springframework.oxm.xstream.XStreamMarshaller	SOURCE
org.springframework.oxm.xstream.XStreamMarshaller	setBeanClassLoader(java.lang.ClassLoader)	this	org.springframework.oxm.xstream.XStreamMarshaller	SOURCE
org.springframework.oxm.xstream.XStreamMarshaller	constructXStream()	reflectionProvider	org.springframework.oxm.xstream.XStreamMarshaller	SOURCE
org.springframework.oxm.xstream.XStreamMarshaller	constructXStream()	this	org.springframework.oxm.xstream.XStreamMarshaller	SOURCE
org.springframework.oxm.xstream.XStreamMarshaller	constructXStream()	beanClassLoader	org.springframework.oxm.xstream.XStreamMarshaller	SOURCE
org.springframework.oxm.xstream.XStreamMarshaller	constructXStream()	this	org.springframework.oxm.xstream.XStreamMarshaller	SOURCE
org.springframework.oxm.xstream.XStreamMarshaller	constructXStream()	mapper	org.springframework.oxm.xstream.XStreamMarshaller	SOURCE
org.springframework.oxm.xstream.XStreamMarshaller	constructXStream()	this	org.springframework.oxm.xstream.XStreamMarshaller	SOURCE
org.springframework.oxm.xstream.XStreamMarshaller	constructXStream()	converterLookup	org.springframework.oxm.xstream.XStreamMarshaller	SOURCE
org.springframework.oxm.xstream.XStreamMarshaller	constructXStream()	this	org.springframework.oxm.xstream.XStreamMarshaller	SOURCE
org.springframework.oxm.xstream.XStreamMarshaller	constructXStream()	converterRegistry	org.springframework.oxm.xstream.XStreamMarshaller	SOURCE
org.springframework.oxm.xstream.XStreamMarshaller	constructXStream()	this	org.springframework.oxm.xstream.XStreamMarshaller	SOURCE
org.springframework.oxm.xstream.XStreamMarshaller$1	wrapMapper(com.thoughtworks.xstream.mapper.MapperWrapper)	mapperWrappers	org.springframework.oxm.xstream.XStreamMarshaller	SOURCE
org.springframework.oxm.xstream.XStreamMarshaller$1	wrapMapper(com.thoughtworks.xstream.mapper.MapperWrapper)	mapperWrappers	org.springframework.oxm.xstream.XStreamMarshaller	SOURCE
org.springframework.oxm.xstream.XStreamMarshaller$1	wrapMapper(com.thoughtworks.xstream.mapper.MapperWrapper)	class	com.thoughtworks.xstream.mapper.Mapper	SOURCE
org.springframework.oxm.xstream.XStreamMarshaller$1	wrapMapper(com.thoughtworks.xstream.mapper.MapperWrapper)	class	com.thoughtworks.xstream.mapper.MapperWrapper	SOURCE
org.springframework.oxm.xstream.XStreamMarshaller	configureXStream(com.thoughtworks.xstream.XStream)	converters	org.springframework.oxm.xstream.XStreamMarshaller	SOURCE
org.springframework.oxm.xstream.XStreamMarshaller	configureXStream(com.thoughtworks.xstream.XStream)	this	org.springframework.oxm.xstream.XStreamMarshaller	SOURCE
org.springframework.oxm.xstream.XStreamMarshaller	configureXStream(com.thoughtworks.xstream.XStream)	length	Array	SOURCE
org.springframework.oxm.xstream.XStreamMarshaller	configureXStream(com.thoughtworks.xstream.XStream)	converters	org.springframework.oxm.xstream.XStreamMarshaller	SOURCE
org.springframework.oxm.xstream.XStreamMarshaller	configureXStream(com.thoughtworks.xstream.XStream)	this	org.springframework.oxm.xstream.XStreamMarshaller	SOURCE
org.springframework.oxm.xstream.XStreamMarshaller	configureXStream(com.thoughtworks.xstream.XStream)	converters	org.springframework.oxm.xstream.XStreamMarshaller	SOURCE
org.springframework.oxm.xstream.XStreamMarshaller	configureXStream(com.thoughtworks.xstream.XStream)	this	org.springframework.oxm.xstream.XStreamMarshaller	SOURCE
org.springframework.oxm.xstream.XStreamMarshaller	configureXStream(com.thoughtworks.xstream.XStream)	converters	org.springframework.oxm.xstream.XStreamMarshaller	SOURCE
org.springframework.oxm.xstream.XStreamMarshaller	configureXStream(com.thoughtworks.xstream.XStream)	this	org.springframework.oxm.xstream.XStreamMarshaller	SOURCE
org.springframework.oxm.xstream.XStreamMarshaller	configureXStream(com.thoughtworks.xstream.XStream)	converters	org.springframework.oxm.xstream.XStreamMarshaller	SOURCE
org.springframework.oxm.xstream.XStreamMarshaller	configureXStream(com.thoughtworks.xstream.XStream)	this	org.springframework.oxm.xstream.XStreamMarshaller	SOURCE
org.springframework.oxm.xstream.XStreamMarshaller	configureXStream(com.thoughtworks.xstream.XStream)	typePermissions	org.springframework.oxm.xstream.XStreamMarshaller	SOURCE
org.springframework.oxm.xstream.XStreamMarshaller	configureXStream(com.thoughtworks.xstream.XStream)	this	org.springframework.oxm.xstream.XStreamMarshaller	SOURCE
org.springframework.oxm.xstream.XStreamMarshaller	configureXStream(com.thoughtworks.xstream.XStream)	typePermissions	org.springframework.oxm.xstream.XStreamMarshaller	SOURCE
org.springframework.oxm.xstream.XStreamMarshaller	configureXStream(com.thoughtworks.xstream.XStream)	this	org.springframework.oxm.xstream.XStreamMarshaller	SOURCE
org.springframework.oxm.xstream.XStreamMarshaller	configureXStream(com.thoughtworks.xstream.XStream)	marshallingStrategy	org.springframework.oxm.xstream.XStreamMarshaller	SOURCE
org.springframework.oxm.xstream.XStreamMarshaller	configureXStream(com.thoughtworks.xstream.XStream)	this	org.springframework.oxm.xstream.XStreamMarshaller	SOURCE
org.springframework.oxm.xstream.XStreamMarshaller	configureXStream(com.thoughtworks.xstream.XStream)	marshallingStrategy	org.springframework.oxm.xstream.XStreamMarshaller	SOURCE
org.springframework.oxm.xstream.XStreamMarshaller	configureXStream(com.thoughtworks.xstream.XStream)	this	org.springframework.oxm.xstream.XStreamMarshaller	SOURCE
org.springframework.oxm.xstream.XStreamMarshaller	configureXStream(com.thoughtworks.xstream.XStream)	mode	org.springframework.oxm.xstream.XStreamMarshaller	SOURCE
org.springframework.oxm.xstream.XStreamMarshaller	configureXStream(com.thoughtworks.xstream.XStream)	this	org.springframework.oxm.xstream.XStreamMarshaller	SOURCE
org.springframework.oxm.xstream.XStreamMarshaller	configureXStream(com.thoughtworks.xstream.XStream)	mode	org.springframework.oxm.xstream.XStreamMarshaller	SOURCE
org.springframework.oxm.xstream.XStreamMarshaller	configureXStream(com.thoughtworks.xstream.XStream)	this	org.springframework.oxm.xstream.XStreamMarshaller	SOURCE
org.springframework.oxm.xstream.XStreamMarshaller	configureXStream(com.thoughtworks.xstream.XStream)	aliases	org.springframework.oxm.xstream.XStreamMarshaller	SOURCE
org.springframework.oxm.xstream.XStreamMarshaller	configureXStream(com.thoughtworks.xstream.XStream)	this	org.springframework.oxm.xstream.XStreamMarshaller	SOURCE
org.springframework.oxm.xstream.XStreamMarshaller	configureXStream(com.thoughtworks.xstream.XStream)	aliases	org.springframework.oxm.xstream.XStreamMarshaller	SOURCE
org.springframework.oxm.xstream.XStreamMarshaller	configureXStream(com.thoughtworks.xstream.XStream)	this	org.springframework.oxm.xstream.XStreamMarshaller	SOURCE
org.springframework.oxm.xstream.XStreamMarshaller	configureXStream(com.thoughtworks.xstream.XStream)	aliasesByType	org.springframework.oxm.xstream.XStreamMarshaller	SOURCE
org.springframework.oxm.xstream.XStreamMarshaller	configureXStream(com.thoughtworks.xstream.XStream)	this	org.springframework.oxm.xstream.XStreamMarshaller	SOURCE
org.springframework.oxm.xstream.XStreamMarshaller	configureXStream(com.thoughtworks.xstream.XStream)	aliasesByType	org.springframework.oxm.xstream.XStreamMarshaller	SOURCE
org.springframework.oxm.xstream.XStreamMarshaller	configureXStream(com.thoughtworks.xstream.XStream)	this	org.springframework.oxm.xstream.XStreamMarshaller	SOURCE
org.springframework.oxm.xstream.XStreamMarshaller	configureXStream(com.thoughtworks.xstream.XStream)	fieldAliases	org.springframework.oxm.xstream.XStreamMarshaller	SOURCE
org.springframework.oxm.xstream.XStreamMarshaller	configureXStream(com.thoughtworks.xstream.XStream)	this	org.springframework.oxm.xstream.XStreamMarshaller	SOURCE
org.springframework.oxm.xstream.XStreamMarshaller	configureXStream(com.thoughtworks.xstream.XStream)	fieldAliases	org.springframework.oxm.xstream.XStreamMarshaller	SOURCE
org.springframework.oxm.xstream.XStreamMarshaller	configureXStream(com.thoughtworks.xstream.XStream)	this	org.springframework.oxm.xstream.XStreamMarshaller	SOURCE
org.springframework.oxm.xstream.XStreamMarshaller	configureXStream(com.thoughtworks.xstream.XStream)	beanClassLoader	org.springframework.oxm.xstream.XStreamMarshaller	SOURCE
org.springframework.oxm.xstream.XStreamMarshaller	configureXStream(com.thoughtworks.xstream.XStream)	this	org.springframework.oxm.xstream.XStreamMarshaller	SOURCE
org.springframework.oxm.xstream.XStreamMarshaller	configureXStream(com.thoughtworks.xstream.XStream)	useAttributeForTypes	org.springframework.oxm.xstream.XStreamMarshaller	SOURCE
org.springframework.oxm.xstream.XStreamMarshaller	configureXStream(com.thoughtworks.xstream.XStream)	this	org.springframework.oxm.xstream.XStreamMarshaller	SOURCE
org.springframework.oxm.xstream.XStreamMarshaller	configureXStream(com.thoughtworks.xstream.XStream)	useAttributeForTypes	org.springframework.oxm.xstream.XStreamMarshaller	SOURCE
org.springframework.oxm.xstream.XStreamMarshaller	configureXStream(com.thoughtworks.xstream.XStream)	this	org.springframework.oxm.xstream.XStreamMarshaller	SOURCE
org.springframework.oxm.xstream.XStreamMarshaller	configureXStream(com.thoughtworks.xstream.XStream)	useAttributeFor	org.springframework.oxm.xstream.XStreamMarshaller	SOURCE
org.springframework.oxm.xstream.XStreamMarshaller	configureXStream(com.thoughtworks.xstream.XStream)	this	org.springframework.oxm.xstream.XStreamMarshaller	SOURCE
org.springframework.oxm.xstream.XStreamMarshaller	configureXStream(com.thoughtworks.xstream.XStream)	useAttributeFor	org.springframework.oxm.xstream.XStreamMarshaller	SOURCE
org.springframework.oxm.xstream.XStreamMarshaller	configureXStream(com.thoughtworks.xstream.XStream)	this	org.springframework.oxm.xstream.XStreamMarshaller	SOURCE
org.springframework.oxm.xstream.XStreamMarshaller	configureXStream(com.thoughtworks.xstream.XStream)	implicitCollections	org.springframework.oxm.xstream.XStreamMarshaller	SOURCE
org.springframework.oxm.xstream.XStreamMarshaller	configureXStream(com.thoughtworks.xstream.XStream)	this	org.springframework.oxm.xstream.XStreamMarshaller	SOURCE
org.springframework.oxm.xstream.XStreamMarshaller	configureXStream(com.thoughtworks.xstream.XStream)	implicitCollections	org.springframework.oxm.xstream.XStreamMarshaller	SOURCE
org.springframework.oxm.xstream.XStreamMarshaller	configureXStream(com.thoughtworks.xstream.XStream)	this	org.springframework.oxm.xstream.XStreamMarshaller	SOURCE
org.springframework.oxm.xstream.XStreamMarshaller	configureXStream(com.thoughtworks.xstream.XStream)	omittedFields	org.springframework.oxm.xstream.XStreamMarshaller	SOURCE
org.springframework.oxm.xstream.XStreamMarshaller	configureXStream(com.thoughtworks.xstream.XStream)	this	org.springframework.oxm.xstream.XStreamMarshaller	SOURCE
org.springframework.oxm.xstream.XStreamMarshaller	configureXStream(com.thoughtworks.xstream.XStream)	omittedFields	org.springframework.oxm.xstream.XStreamMarshaller	SOURCE
org.springframework.oxm.xstream.XStreamMarshaller	configureXStream(com.thoughtworks.xstream.XStream)	this	org.springframework.oxm.xstream.XStreamMarshaller	SOURCE
org.springframework.oxm.xstream.XStreamMarshaller	configureXStream(com.thoughtworks.xstream.XStream)	annotatedClasses	org.springframework.oxm.xstream.XStreamMarshaller	SOURCE
org.springframework.oxm.xstream.XStreamMarshaller	configureXStream(com.thoughtworks.xstream.XStream)	this	org.springframework.oxm.xstream.XStreamMarshaller	SOURCE
org.springframework.oxm.xstream.XStreamMarshaller	configureXStream(com.thoughtworks.xstream.XStream)	annotatedClasses	org.springframework.oxm.xstream.XStreamMarshaller	SOURCE
org.springframework.oxm.xstream.XStreamMarshaller	configureXStream(com.thoughtworks.xstream.XStream)	this	org.springframework.oxm.xstream.XStreamMarshaller	SOURCE
org.springframework.oxm.xstream.XStreamMarshaller	configureXStream(com.thoughtworks.xstream.XStream)	autodetectAnnotations	org.springframework.oxm.xstream.XStreamMarshaller	SOURCE
org.springframework.oxm.xstream.XStreamMarshaller	configureXStream(com.thoughtworks.xstream.XStream)	this	org.springframework.oxm.xstream.XStreamMarshaller	SOURCE
org.springframework.oxm.xstream.XStreamMarshaller	toClassMap(java.util.Map)	beanClassLoader	org.springframework.oxm.xstream.XStreamMarshaller	SOURCE
org.springframework.oxm.xstream.XStreamMarshaller	toClassMap(java.util.Map)	this	org.springframework.oxm.xstream.XStreamMarshaller	SOURCE
org.springframework.oxm.xstream.XStreamMarshaller	getXStream()	xstream	org.springframework.oxm.xstream.XStreamMarshaller	SOURCE
org.springframework.oxm.xstream.XStreamMarshaller	getXStream()	this	org.springframework.oxm.xstream.XStreamMarshaller	SOURCE
org.springframework.oxm.xstream.XStreamMarshaller	supports(java.lang.Class)	supportedClasses	org.springframework.oxm.xstream.XStreamMarshaller	SOURCE
org.springframework.oxm.xstream.XStreamMarshaller	supports(java.lang.Class)	this	org.springframework.oxm.xstream.XStreamMarshaller	SOURCE
org.springframework.oxm.xstream.XStreamMarshaller	supports(java.lang.Class)	supportedClasses	org.springframework.oxm.xstream.XStreamMarshaller	SOURCE
org.springframework.oxm.xstream.XStreamMarshaller	supports(java.lang.Class)	this	org.springframework.oxm.xstream.XStreamMarshaller	SOURCE
org.springframework.oxm.xstream.XStreamMarshaller	marshalDomNode(java.lang.Object,org.w3c.dom.Node)	nameCoder	org.springframework.oxm.xstream.XStreamMarshaller	SOURCE
org.springframework.oxm.xstream.XStreamMarshaller	marshalDomNode(java.lang.Object,org.w3c.dom.Node)	this	org.springframework.oxm.xstream.XStreamMarshaller	SOURCE
org.springframework.oxm.xstream.XStreamMarshaller	marshalDomNode(java.lang.Object,org.w3c.dom.Node)	nameCoder	org.springframework.oxm.xstream.XStreamMarshaller	SOURCE
org.springframework.oxm.xstream.XStreamMarshaller	marshalDomNode(java.lang.Object,org.w3c.dom.Node)	this	org.springframework.oxm.xstream.XStreamMarshaller	SOURCE
org.springframework.oxm.xstream.XStreamMarshaller	marshalXmlStreamWriter(java.lang.Object,javax.xml.stream.XMLStreamWriter)	streamDriver	org.springframework.oxm.xstream.XStreamMarshaller	SOURCE
org.springframework.oxm.xstream.XStreamMarshaller	marshalXmlStreamWriter(java.lang.Object,javax.xml.stream.XMLStreamWriter)	this	org.springframework.oxm.xstream.XStreamMarshaller	SOURCE
org.springframework.oxm.xstream.XStreamMarshaller	marshalXmlStreamWriter(java.lang.Object,javax.xml.stream.XMLStreamWriter)	nameCoder	org.springframework.oxm.xstream.XStreamMarshaller	SOURCE
org.springframework.oxm.xstream.XStreamMarshaller	marshalXmlStreamWriter(java.lang.Object,javax.xml.stream.XMLStreamWriter)	this	org.springframework.oxm.xstream.XStreamMarshaller	SOURCE
org.springframework.oxm.xstream.XStreamMarshaller	marshalSaxHandlers(java.lang.Object,org.xml.sax.ContentHandler,org.xml.sax.ext.LexicalHandler)	nameCoder	org.springframework.oxm.xstream.XStreamMarshaller	SOURCE
org.springframework.oxm.xstream.XStreamMarshaller	marshalSaxHandlers(java.lang.Object,org.xml.sax.ContentHandler,org.xml.sax.ext.LexicalHandler)	this	org.springframework.oxm.xstream.XStreamMarshaller	SOURCE
org.springframework.oxm.xstream.XStreamMarshaller	marshalOutputStream(java.lang.Object,java.io.OutputStream,com.thoughtworks.xstream.converters.DataHolder)	streamDriver	org.springframework.oxm.xstream.XStreamMarshaller	SOURCE
org.springframework.oxm.xstream.XStreamMarshaller	marshalOutputStream(java.lang.Object,java.io.OutputStream,com.thoughtworks.xstream.converters.DataHolder)	this	org.springframework.oxm.xstream.XStreamMarshaller	SOURCE
org.springframework.oxm.xstream.XStreamMarshaller	marshalOutputStream(java.lang.Object,java.io.OutputStream,com.thoughtworks.xstream.converters.DataHolder)	streamDriver	org.springframework.oxm.xstream.XStreamMarshaller	SOURCE
org.springframework.oxm.xstream.XStreamMarshaller	marshalOutputStream(java.lang.Object,java.io.OutputStream,com.thoughtworks.xstream.converters.DataHolder)	this	org.springframework.oxm.xstream.XStreamMarshaller	SOURCE
org.springframework.oxm.xstream.XStreamMarshaller	marshalOutputStream(java.lang.Object,java.io.OutputStream,com.thoughtworks.xstream.converters.DataHolder)	encoding	org.springframework.oxm.xstream.XStreamMarshaller	SOURCE
org.springframework.oxm.xstream.XStreamMarshaller	marshalOutputStream(java.lang.Object,java.io.OutputStream,com.thoughtworks.xstream.converters.DataHolder)	this	org.springframework.oxm.xstream.XStreamMarshaller	SOURCE
org.springframework.oxm.xstream.XStreamMarshaller	marshalWriter(java.lang.Object,java.io.Writer,com.thoughtworks.xstream.converters.DataHolder)	streamDriver	org.springframework.oxm.xstream.XStreamMarshaller	SOURCE
org.springframework.oxm.xstream.XStreamMarshaller	marshalWriter(java.lang.Object,java.io.Writer,com.thoughtworks.xstream.converters.DataHolder)	this	org.springframework.oxm.xstream.XStreamMarshaller	SOURCE
org.springframework.oxm.xstream.XStreamMarshaller	marshalWriter(java.lang.Object,java.io.Writer,com.thoughtworks.xstream.converters.DataHolder)	streamDriver	org.springframework.oxm.xstream.XStreamMarshaller	SOURCE
org.springframework.oxm.xstream.XStreamMarshaller	marshalWriter(java.lang.Object,java.io.Writer,com.thoughtworks.xstream.converters.DataHolder)	this	org.springframework.oxm.xstream.XStreamMarshaller	SOURCE
org.springframework.oxm.xstream.XStreamMarshaller	doMarshal(java.lang.Object,com.thoughtworks.xstream.io.HierarchicalStreamWriter,com.thoughtworks.xstream.converters.DataHolder)	logger	org.springframework.oxm.support.AbstractMarshaller	SOURCE
org.springframework.oxm.xstream.XStreamMarshaller	unmarshalDomNode(org.w3c.dom.Node)	nameCoder	org.springframework.oxm.xstream.XStreamMarshaller	SOURCE
org.springframework.oxm.xstream.XStreamMarshaller	unmarshalDomNode(org.w3c.dom.Node)	this	org.springframework.oxm.xstream.XStreamMarshaller	SOURCE
org.springframework.oxm.xstream.XStreamMarshaller	unmarshalDomNode(org.w3c.dom.Node)	nameCoder	org.springframework.oxm.xstream.XStreamMarshaller	SOURCE
org.springframework.oxm.xstream.XStreamMarshaller	unmarshalDomNode(org.w3c.dom.Node)	this	org.springframework.oxm.xstream.XStreamMarshaller	SOURCE
org.springframework.oxm.xstream.XStreamMarshaller	unmarshalXmlStreamReader(javax.xml.stream.XMLStreamReader)	nameCoder	org.springframework.oxm.xstream.XStreamMarshaller	SOURCE
org.springframework.oxm.xstream.XStreamMarshaller	unmarshalXmlStreamReader(javax.xml.stream.XMLStreamReader)	this	org.springframework.oxm.xstream.XStreamMarshaller	SOURCE
org.springframework.oxm.xstream.XStreamMarshaller	unmarshalInputStream(java.io.InputStream,com.thoughtworks.xstream.converters.DataHolder)	streamDriver	org.springframework.oxm.xstream.XStreamMarshaller	SOURCE
org.springframework.oxm.xstream.XStreamMarshaller	unmarshalInputStream(java.io.InputStream,com.thoughtworks.xstream.converters.DataHolder)	this	org.springframework.oxm.xstream.XStreamMarshaller	SOURCE
org.springframework.oxm.xstream.XStreamMarshaller	unmarshalInputStream(java.io.InputStream,com.thoughtworks.xstream.converters.DataHolder)	streamDriver	org.springframework.oxm.xstream.XStreamMarshaller	SOURCE
org.springframework.oxm.xstream.XStreamMarshaller	unmarshalInputStream(java.io.InputStream,com.thoughtworks.xstream.converters.DataHolder)	this	org.springframework.oxm.xstream.XStreamMarshaller	SOURCE
org.springframework.oxm.xstream.XStreamMarshaller	unmarshalInputStream(java.io.InputStream,com.thoughtworks.xstream.converters.DataHolder)	encoding	org.springframework.oxm.xstream.XStreamMarshaller	SOURCE
org.springframework.oxm.xstream.XStreamMarshaller	unmarshalInputStream(java.io.InputStream,com.thoughtworks.xstream.converters.DataHolder)	this	org.springframework.oxm.xstream.XStreamMarshaller	SOURCE
